,symbol,avg_yr_returns,yr_variance,sharpe_ratio,cluster,Price,company,sector
0,A,0.11692999989721915,0.43292101307987635,0.05244381648670986,6,72.79000091552734,"Agilent Technologies, Inc.",Healthcare
1,AAN,0.1946232761747863,0.3564567712439494,0.1163040349542949,0,18.790000915527344,Alcoa Corporation,Basic Materials
2,AAP,0.19019167701346204,0.3228567682355204,0.10372167979362072,0,61.58000183105469,"Aaron's, Inc.",Services
3,AAPL,0.29773922017136056,0.40501166063931915,0.228809294036236,10,155.3000030517578,"Advance Auto Parts, Inc.",Services
4,ABBV,0.1869319809994591,0.27675747598768735,0.08605873899542225,0,227.3600006103516,Apple Inc.,Consumer Goods
5,ABC,0.20891961558840752,0.2992503090157557,0.11562840414888138,0,74.08999633789062,AbbVie Inc.,Healthcare
6,ABMD,0.28395845373684464,0.590823824645072,0.23670676433771903,4,80.61000061035156,AmerisourceBergen Corporation,Services
7,ABT,0.13404620715654447,0.23516993913747866,0.015334504656965758,11,161.0800018310547,"Abiomed, Inc.",Healthcare
8,ACC,0.15477762868304693,0.2950262179945885,0.06015070351857062,0,79.41500091552734,Abbott Laboratories,Healthcare
9,ACIW,0.20350896048732328,0.5296045529885217,0.15079524476453293,7,48.849998474121094,"American Campus Communities, Inc.",Financial
10,ACM,0.11296345905569992,0.37081357928603864,0.03767650784564884,6,30.420000076293945,"ACI Worldwide, Inc.",Technology
11,ACN,0.19722085278552207,0.29908540421005203,0.10387820396764265,0,36.45000076293945,AECOM,Services
12,ADBE,0.2380680809816289,0.4350784812715924,0.17390167180841748,10,184.06820678710938,Accenture plc,Technology
13,ADI,0.15089141983241033,0.420226985421563,0.08445726681454496,0,273.82000732421875,Adobe Inc.,Technology
14,ADM,0.13249085322620394,0.30689208642476506,0.04152264294432563,0,107.68000030517578,"Analog Devices, Inc.",Technology
15,ADP,0.11878288066836554,0.242690757422672,0.003749971511832595,11,38.775001525878906,Archer-Daniels-Midland Company,Consumer Goods
16,ADS,0.19277901318115304,0.36992464778533807,0.11731114690387681,0,157.7100067138672,"Automatic Data Processing, Inc.",Technology
17,ADSK,0.23436413461799704,0.41661599318543335,0.16735416786593693,10,118.98999786376952,Alliance Data Systems Corporation,Services
18,ADT,-0.26018184737156425,0.4715986060340748,-0.3193792739426582,9,147.50999450683594,"Autodesk, Inc.",Technology
19,AEE,0.11588478924665249,0.20644230491361726,-0.01934632950787815,11,6.320000171661378,ADT Inc.,Services
20,AEO,0.1636130821865444,0.4871078102377787,0.10630046418909395,7,78.03500366210938,Ameren Corporation,Utilities
21,AEP,0.13049409756452393,0.24368915621815135,0.015932480277209643,11,14.30500030517578,"American Eagle Outfitters, Inc.",Services
22,AES,0.10846776235891076,0.5238838222369813,0.05517842096920122,7,93.19000244140624,"American Electric Power Company, Inc.",Utilities
23,AFG,0.16946259423239826,0.30795693605772384,0.07880893268765707,0,15.725000381469727,The AES Corporation,Utilities
24,AFL,0.16154644935168494,0.36002893664494684,0.08400428256950768,0,101.25,"American Financial Group, Inc.",Financial
25,AGCO,0.17648278288810185,0.4103022216486003,0.10844166007974906,0,51.5250015258789,Aflac Incorporated,Financial
26,AGN,0.1436406800480369,0.3293894773261304,0.05888562327343569,0,70.44999694824219,AGCO Corporation,Industrial Goods
27,AIG,0.025378286286438678,0.5818496264673465,-0.022602192830186017,12,167.94000244140625,Allergan plc,Healthcare
28,AIV,0.15157241562666454,0.3686970888003076,0.07585328276729733,0,52.93999862670898,"American International Group, Inc.",Financial
29,AIZ,0.1724508912711016,0.3218511155188282,0.0857107107788602,0,53.51499938964844,Apartment Investment and Management Company,Financial
30,AJG,0.1550393445105192,0.26009694195730193,0.04770465752171414,0,124.02999877929688,"Assurant, Inc.",Financial
31,AKAM,0.16437159806313062,0.6867861680205427,0.123722229814792,7,87.68000030517578,Arthur J. Gallagher & Co.,Financial
32,AKRX,0.9525387666649207,1.388058337172619,0.9324261942289536,8,89.04000091552734,"Akamai Technologies, Inc.",Technology
33,ALB,0.1764079578133362,0.34509669917433583,0.09551056320328494,0,3.859999895095825,"Akorn, Inc.",Healthcare
34,ALEX,0.10311158959476002,0.30618885665386286,0.011934450894078324,11,64.05000305175781,Albemarle Corporation,Basic Materials
35,ALGN,0.3164684930828166,0.616541448630567,0.2711878004161009,4,24.28000068664551,"Alexander & Baldwin, Inc.",Financial
36,ALK,0.20371187569181057,0.44176369730859927,0.1405164976609391,10,184.7899932861328,"Align Technology, Inc.",Healthcare
37,ALL,0.14825873753144875,0.3066334474556409,0.05721379744619902,0,64.31999969482422,"Alaska Air Group, Inc.",Services
38,ALLE,0.1576304140309945,0.20842554060760138,0.023686062631700422,11,106.6999969482422,The Allstate Corporation,Financial
39,ALTR,0.6194851623925696,0.5260056674653222,0.5664107839618981,13,102.87999725341795,Allegion plc,Services
40,ALXN,0.2773801394718979,0.5453408306908267,0.22618752325725067,4,33.790000915527344,Altair Engineering Inc.,Technology
41,AMAT,0.1289758193685911,0.4313771932266121,0.06425885173542567,6,96.97000122070312,"Alexion Pharmaceuticals, Inc.",Healthcare
42,AMCX,0.07760929482223461,0.29522066292822446,-0.016955305009044228,11,49.9900016784668,"Applied Materials, Inc.",Technology
43,AMD,0.23458049173337317,0.6400495531721967,0.1909628941374233,4,47.06000137329102,AMC Networks Inc.,Services
44,AME,0.22070700121771694,0.28083809820088723,0.12129946345635988,10,28.52359962463379,"Advanced Micro Devices, Inc.",Technology
45,AMG,0.13735829456718154,0.40289517469443453,0.06806626625508858,0,86.7300033569336,"AMETEK, Inc.",Industrial Goods
46,AMGN,0.11797613730309728,0.31820059894458874,0.030240840938699415,6,72.86000061035156,"Affiliated Managers Group, Inc.",Financial
47,AMP,0.19366772232345042,0.4093564965691425,0.12546940597642503,10,196.97999572753903,Amgen Inc.,Healthcare
48,AMSC,0.11689868037336569,0.7785730106268502,0.08104151159062645,7,130.51499938964844,"Ameriprise Financial, Inc.",Financial
49,AMT,0.2216915345045167,0.470907216563309,0.16240719383232577,10,7.820000171661378,American Superconductor Corporation,Industrial Goods
50,AMZN,0.28495474086662587,0.5244791945258975,0.23172589186153172,4,227.02999877929688,American Tower Corporation (REIT),Financial
51,AN,0.1596095555861962,0.37684588654398576,0.08552774960508233,0,1721.389404296875,"Amazon.com, Inc.",Services
52,ANF,0.1287245893215168,0.5348070967548134,0.07652366674376096,7,47.43000030517578,"AutoNation, Inc.",Services
53,ANSS,0.29244403552766424,0.3767284359310052,0.21833913345744926,10,14.050000190734865,Abercrombie & Fitch Co.,Services
54,AOS,0.2030196121486265,0.33492779352724195,0.11966605239258407,0,219.760498046875,"ANSYS, Inc.",Technology
55,APA,0.10032892931851022,0.3823246569429199,0.0273087268681608,6,45.57500076293945,A. O. Smith Corporation,Industrial Goods
56,APD,0.1588044008866053,0.2718669018358083,0.05611656480498883,0,20.524999618530273,Apache Corporation,Basic Materials
57,APH,0.22499773201049786,0.3570516881637976,0.14680898573876683,10,208.9199981689453,"Air Products and Chemicals, Inc.",Basic Materials
58,ARE,0.16285517625836818,0.30242735008894933,0.07054400187707832,0,93.97000122070312,Amphenol Corporation,Technology
59,AA,0.023487829907879183,0.4278145504756827,-0.04176807085728016,12,154.33999633789062,"Alexandria Real Estate Equities, Inc.",Financial
60,ARRS,0.13054833879336383,0.3803781154538459,0.057154463810774755,0,72.12000274658203,ARRIS International plc,Technology
61,ARW,0.17177530302506344,0.3436600442279696,0.09053972059228822,0,76.18000030517578,"Arrow Electronics, Inc.",Services
62,ASH,0.15580797328218252,0.5349046332652502,0.10361656921578957,7,19.399999618530273,Ashland Global Holdings Inc.,Basic Materials
63,ATI,0.2841044518281816,0.42905340005313053,0.2190369710710653,10,54.81000137329102,Allegheny Technologies Incorporated,Industrial Goods
64,ATVI,0.18138798059941516,0.3003464336708534,0.08843723864944808,0,219.0399932861328,"Activision Blizzard, Inc.",Technology
65,AVB,0.35390667523349356,0.3414206659927229,0.2721382685948414,4,273.45001220703125,"AvalonBay Communities, Inc.",Financial
66,AVGO,0.043519897066660526,0.42603137932059354,-0.02200913484702914,12,4.25,Broadcom Inc.,Technology
67,AVP,0.08968294271277101,0.28821074413081016,-0.00718167604363984,11,109.12999725341795,"Avon Products, Inc.",Consumer Goods
68,AVY,0.20667958076436835,0.20929251054104295,0.07329007829453343,0,124.62000274658205,Avery Dennison Corporation,Consumer Goods
69,AWK,0.12078660372543065,0.3504114795655679,0.041116200557293064,6,113.3499984741211,"American Water Works Company, Inc.",Utilities
70,AXP,0.2206220932052703,0.39007921223589953,0.14905349130076942,10,118.69000244140624,American Express Company,Financial
71,AYI,0.21828902567901515,0.27831426607874704,0.11798003237777574,10,1057.77001953125,"Acuity Brands, Inc.",Technology
72,AZO,0.18012691600860659,0.2990520717334026,0.08677386317765987,0,376.0199890136719,"AutoZone, Inc.",Services
73,BA,0.13742808750849425,0.45795969303743794,0.07646764868347702,7,27.86000061035156,The Boeing Company,Industrial Goods
74,BAC,0.1359876252594924,0.2543952469303799,0.026247273627165973,11,85.43000030517578,Bank of America Corporation,Financial
75,BAX,0.05806478995137775,0.3958479133825936,-0.012460840999087168,6,10.039999961853027,Baxter International Inc.,Healthcare
76,BBBY,0.1238460783197577,0.33024607766340014,0.03931086128021745,6,51.40510177612305,Bed Bath & Beyond Inc.,Services
77,BBT,0.1732882405784089,0.4582558347392396,0.11236719662134023,7,66.06999969482422,BB&T Corporation,Financial
78,BBY,0.17331419975243778,0.48605644684811533,0.11587761181544837,7,50.9900016784668,"Best Buy Co., Inc.",Services
79,BC,0.15720655527576796,0.2370189213175265,0.039420921552744057,11,245.5449981689453,Brunswick Corporation,Consumer Goods
80,BDX,0.12460273838683536,0.33639715530991665,0.041613261778412264,0,26.625,"Becton, Dickinson and Company",Healthcare
81,BEN,1332.564451104786,3977.3841445987123,1332.5644440857448,1,35.61000061035156,"Franklin Resources, Inc.",Financial
82,BHF,0.11116146359284378,0.42208838162700235,0.04502028305591323,6,20.63999938964844,"Brighthouse Financial, Inc.",Financial
83,BIG,0.20916583885886278,0.4613814748084434,0.14865750600192879,7,223.1100006103516,"Big Lots, Inc.",Services
84,BIIB,0.09375723714901676,0.3716735636162075,0.018644486109881495,6,42.38000106811523,Biogen Inc.,Healthcare
85,BK,0.18271414276123932,0.39017151404595557,0.11116247164553557,0,19.32999992370605,The Bank of New York Mellon Corporation,Financial
86,BKE,0.2407398667732211,0.34314937777899174,0.15938339154827444,10,416.7120971679688,"The Buckle, Inc.",Services
87,BLK,0.2140918040669886,0.2625417489902924,0.10775662515125488,0,71.63500213623047,"BlackRock, Inc.",Financial
88,BLL,0.06771018585730566,0.2813072852954671,-0.03153155195410484,11,50.70000076293945,Ball Corporation,Consumer Goods
89,BMY,0.1272822168879587,0.3651699565318839,0.05083172211869677,0,38.0,Bristol-Myers Squibb Company,Healthcare
90,BSX,-0.20297872952459334,0.37697400347720106,-0.2770353583483918,9,14.154999732971193,Boston Scientific Corporation,Healthcare
91,BTU,0.13716789876774857,0.22891960324527383,0.01521493599845472,11,92.40950012207031,Peabody Energy Corporation,Basic Materials
92,BUD,0.17354485957431617,0.36000155564951636,0.09599679509064009,0,34.205001831054695,Anheuser-Busch InBev SA/NV,Consumer Goods
93,BWA,0.16539878306809833,0.3098610457956093,0.07530219225575302,0,127.5,BorgWarner Inc.,Consumer Goods
94,BXP,0.047652912377111646,0.4848930226030473,-0.009921485583625177,12,66.98020172119139,"Boston Properties, Inc.",Financial
95,C,0.08510264551938915,0.23182060121736806,-0.035324200520732416,11,28.084999084472656,Citigroup Inc.,Financial
96,CAG,0.0904988868716381,0.2872843075000687,-0.00667810164774256,11,45.15999984741211,"Conagra Brands, Inc.",Consumer Goods
97,CAH,0.15921339662085393,0.3195438866848674,0.07184691891613594,0,118.9749984741211,"Cardinal Health, Inc.",Services
98,CAT,0.20537234146814823,0.3189776920666826,0.11785078574162351,0,157.22500610351562,Caterpillar Inc.,Industrial Goods
99,CB,0.1798828571986649,0.22840517291145612,0.0576552233151061,0,117.58999633789062,Chubb Limited,Financial
100,CBOE,0.12187734428894284,0.3906801663060586,0.050418831010175816,6,37.51020050048828,"Cboe Global Markets, Inc.",Financial
101,CBS,0.19583193106260993,0.4679257617504805,0.13616985187446032,7,137.77999877929688,CBS Corporation,Services
102,CCI,0.07989867085805413,0.35422593086569615,0.001086191535874803,6,40.31499862670898,Crown Castle International Corp. (REIT),Technology
103,CCL,0.10654527632116707,0.2735452938602579,0.004487502057303597,11,21.790000915527344,Carnival Corporation & Plc,Services
104,CCU,0.1415549413643446,0.41378149145987514,0.07408594038695414,0,64.41999816894531,Compania Cervecerias Unidas S.A.,Consumer Goods
105,CDNS,0.29273988127600825,0.4741507432704135,0.23386108745787693,4,99.45999908447266,"Cadence Design Systems, Inc.",Technology
106,CELG,0.24969708632392265,0.4107463588649729,0.18172953591427954,10,65.28500366210939,Celgene Corporation,Healthcare
107,CERN,0.3160091332030508,0.4621357372373901,0.2555995573961234,4,49.02999877929688,Cerner Corporation,Technology
108,CF,0.12841994102538518,0.2650704734170579,0.023099180505191205,11,33.049999237060554,"CF Industries Holdings, Inc.",Basic Materials
109,CFG,0.18660447222925872,0.23648386731944165,0.06855234390364387,0,76.16000366210938,"Citizens Financial Group, Inc.",Financial
110,CHD,0.14745513727892773,0.5739211927957645,0.09881183188757744,7,1.3049999475479126,"Church & Dwight Co., Inc.",Consumer Goods
111,CHK,0.17409762512065738,0.31230449209024425,0.08470594309622682,0,82.69999694824219,Chesapeake Energy Corporation,Basic Materials
112,CHRW,0.16198277212379975,0.3665015419784965,0.08581003980451694,0,147.3800048828125,"C.H. Robinson Worldwide, Inc.",Services
113,CI,0.13428271321325694,0.6624792526780995,0.0921418858003605,7,37.13999938964844,Cigna Corporation,Healthcare
114,CIEN,0.14350390331231244,0.26932220390922534,0.0398458185108754,11,114.69000244140624,Ciena Corporation,Technology
115,CINF,0.08510821047502402,0.26666922722081615,-0.019581123733813294,11,42.790000915527344,Cincinnati Financial Corporation,Financial
116,CIT,0.0863611671157041,0.21683571491056883,-0.04238802839042638,11,71.25,CIT Group Inc.,Financial
117,CL,0.2578638161720831,0.6494131193975403,0.214875119119533,4,7.190000057220459,Colgate-Palmolive Company,Consumer Goods
118,CLF,0.1097623176564815,0.23040444245630606,-0.011404720418431769,11,150.6199951171875,Cleveland-Cliffs Inc.,Basic Materials
119,CLX,0.11691392754746058,0.37703778927623294,0.04286982733850518,6,62.94499969482422,The Clorox Company,Consumer Goods
120,CMA,0.28050763232308656,0.3496118254566743,0.20065500200869213,10,213.0399932861328,Comerica Incorporated,Financial
121,CME,0.29119857767808266,0.395192895940468,0.22055605313245447,10,812.6300048828125,CME Group Inc.,Financial
122,CMG,0.23018729260319037,0.39433922364501617,0.15939183991227662,10,154.86000061035156,"Chipotle Mexican Grill, Inc.",Services
123,CMI,0.11548792368349986,0.29533534723464727,0.020960045076569372,11,64.5,Cummins Inc.,Industrial Goods
124,CMS,0.2819861913808413,0.4230169367795886,0.21599019589123597,10,42.86000061035156,CMS Energy Corporation,Utilities
125,CNC,0.22066140130777967,0.6846055298167721,0.17988255475185977,7,14.630000114440918,Centene Corporation,Healthcare
126,CNO,0.13752259658893082,0.35378180815079213,0.05861117941444123,0,28.354999542236328,"CNO Financial Group, Inc.",Financial
127,CNP,0.1864956331248299,0.5339611098835583,0.13421200546921205,7,7.190000057220459,"CenterPoint Energy, Inc.",Utilities
128,CNX,0.15223381386891247,0.4647641531712775,0.09216587691370562,7,85.18000030517578,CNX Resources Corporation,Basic Materials
129,COF,0.2256415940755214,0.41501407402811297,0.15837297453024476,10,17.639999389648438,Capital One Financial Corporation,Financial
130,COG,0.20643257954434271,0.32939207067427373,0.12167819005772046,10,288.2149963378906,Cabot Oil & Gas Corporation,Basic Materials
131,COO,0.14904887763180302,0.29919736807637193,0.055741158946903666,0,54.66999816894531,"The Cooper Companies, Inc.",Healthcare
132,COP,0.1510980306403181,0.2796365518814516,0.05126335715468722,0,295.32000732421875,ConocoPhillips,Basic Materials
133,COST,0.010362842387668011,0.3760502892850231,-0.06387569603976212,12,10.270000457763672,Costco Wholesale Corporation,Services
134,COTY,0.06700484288276645,0.2294714158465854,-0.05465485816861319,11,47.209999084472656,Coty Inc.,Consumer Goods
135,CPB,0.1391134208887778,0.3141197754661537,0.050238329181154645,0,75.6449966430664,Campbell Soup Company,Consumer Goods
136,CR,0.3228726140357782,0.42790531820867017,0.2576305554219651,4,147.82000732421875,Crane Co.,Industrial Goods
137,CRM,0.21434912818113705,0.3937431229064575,0.14344649591252265,10,76.7300033569336,"salesforce.com, inc.",Technology
138,CRVL,0.07934711158601071,0.38623254385296985,0.007065724903173476,6,46.68000030517578,CorVel Corporation,Financial
139,CSCO,0.20305438182063376,0.3292873896497916,0.11827304876860424,0,66.66000366210939,"Cisco Systems, Inc.",Technology
140,CSX,0.15903458672627008,0.29874433944641415,0.06558537224587335,0,261.79000854492193,CSX Corporation,Services
141,CTAS,0.027807281207388852,0.30557618278341775,-0.06355266575392043,12,11.4399995803833,Cintas Corporation,Services
142,CTL,0.2715797334660098,0.4428348699619661,0.2085372186474948,10,59.4900016784668,"CenturyLink, Inc.",Technology
143,CTSH,0.15508053607323075,0.4885754199190205,0.09794007686560297,7,96.19000244140624,Cognizant Technology Solutions Corporation,Technology
144,CTXS,0.11740438249389816,0.29392825151886454,0.02242397925783618,11,60.58000183105469,"Citrix Systems, Inc.",Technology
145,CVS,0.11684919442845007,0.2520960281044461,0.006107965930530576,11,112.402099609375,CVS Health Corporation,Healthcare
146,CVX,0.24260815761568255,0.47593889641301573,0.1839505776991508,10,61.86000061035156,Chevron Corporation,Basic Materials
147,CXO,0.13610834094850083,0.2074665985685206,0.001544878471373301,11,81.1843032836914,Concho Resources Inc.,Basic Materials
148,D,0.2227206935602825,0.525307830844208,0.169575809337127,7,53.86000061035156,"Dominion Energy, Inc.",Utilities
149,DAL,0.1626832158751557,0.28677191277233666,0.06533259467294762,0,50.0,"Delta Air Lines, Inc.",Services
150,DCI,0.0971152107084695,0.34862381880424326,0.017036276493683694,6,65.23500061035156,"Donaldson Company, Inc.",Industrial Goods
151,DD,0.20207439775728755,0.5129867027372057,0.14765305758848785,7,67.81999969482422,"DuPont de Nemours, Inc.",Basic Materials
152,DDS,0.17971836124518836,0.33105786067490794,0.09539043199796006,0,166.07000732421875,"Dillard's, Inc.",Services
153,DE,0.2826193214313957,0.3115185901807467,0.19300212126515714,10,49.36999893188477,Deere & Company,Industrial Goods
154,DELL,0.014313300895233758,0.4135400357704683,-0.053195093545269016,12,1.25,Dell Technologies Inc.,Technology
155,DF,0.18195821551591954,0.4193151045046728,0.1153795887223281,7,76.05500030517578,Dean Foods Company,Consumer Goods
156,DFS,0.236406349432967,0.25406413109696013,0.1265229757698107,10,161.16000366210938,Discover Financial Services,Financial
157,DG,0.1897476143692108,0.302488159084642,0.09745499724259936,0,102.5250015258789,Dollar General Corporation,Services
158,DGX,0.2575452087926401,0.46580115461029403,0.19761099958036554,10,53.474998474121094,Quest Diagnostics Incorporated,Healthcare
159,DHI,0.19695069234055718,0.2736708233048671,0.09493973072397076,0,136.42500305175778,"D.R. Horton, Inc.",Industrial Goods
160,DHR,0.13134459122285122,0.2975033197563993,0.03750555818418916,11,129.8280029296875,Danaher Corporation,Industrial Goods
161,DIS,0.09412756110999285,0.4404365675504834,0.03074176186312974,6,32.34999847412109,The Walt Disney Company,Services
162,DISH,0.02146962373951006,0.3788606058559757,-0.05221822720149076,12,12.18000030517578,DISH Network Corporation,Services
163,DLPH,0.2575514305526269,0.33228626690139507,0.17353524742214319,10,129.66600036621094,Delphi Technologies PLC,Consumer Goods
164,DLR,0.19634356904178737,0.3875360233853057,0.12430530119803741,10,113.58999633789062,"Digital Realty Trust, Inc.",Financial
165,DLTR,0.20484433566343904,0.6347563341796194,0.1608630118885234,7,1.0800000429153442,"Dollar Tree, Inc.",Services
166,DNR,0.037800842947066274,0.43323740055008086,-0.026638247067520854,12,5.065000057220459,Denbury Resources Inc.,Basic Materials
167,DO,0.11996552029535419,0.28999686328632185,0.0236975002369139,11,93.0,"Diamond Offshore Drilling, Inc.",Basic Materials
168,DOV,0.16886200433498078,0.40438332250137915,0.09982497363093341,0,33.959999084472656,Dover Corporation,Industrial Goods
169,DRE,0.20025727568683813,0.33354936992406137,0.11655924964023424,0,37.65999984741211,Dow Inc.,Basic Materials
170,DRI,0.14102697181711227,0.20580587176340162,0.00537766496047018,11,115.0,Duke Realty Corporation,Financial
171,DTE,4.943279603270039,8.272610570538736,4.939904922011483,5,130.75999450683594,"Darden Restaurants, Inc.",Services
172,DTV,0.11843429948018995,0.23868647104663712,0.0014715586540557657,11,58.0099983215332,DTE Energy Company,Utilities
173,DUK,0.22539673416351427,0.36240558050920485,0.14836308635790793,10,96.70999908447266,DTE Energy Company CORPORATE UNIT,Utilities
174,DVA,0.09948209758218723,0.38971848602301773,0.02784725126883189,6,54.68000030517578,Duke Energy Corporation,Utilities
175,DVN,-0.09283693113960109,0.3548680403467581,-0.17150680466344106,12,21.354999542236328,DaVita Inc.,Healthcare
176,DOW,0.18250442307699308,0.44828350739985756,0.12022815506602036,7,44.27999877929688,Devon Energy Corporation,Basic Materials
177,EBAY,0.15659805350344472,0.23211507906092024,0.03632398960083512,11,190.3999938964844,eBay Inc.,Services
178,ECL,0.11582724457930564,0.18075330215585855,-0.038623177729770516,11,93.43000030517578,Ecolab Inc.,Basic Materials
179,ED,0.163299275309421,0.2670945712573732,0.05877665727076728,0,136.02000427246094,"Consolidated Edison, Inc.",Utilities
180,EFX,0.14242930073145735,0.3431365725707785,0.06106978943665389,0,75.25,Equifax Inc.,Financial
181,EIX,0.15682969295185245,0.29151422737653526,0.06106275868255941,0,190.8013000488281,Edison International,Utilities
182,EL,0.13864889135959282,0.31845683112978534,0.05098418731575083,0,69.43000030517578,The Estee Lauder Companies Inc.,Consumer Goods
183,EMN,0.10848742116124982,0.27922451379462804,0.008505426484858691,11,63.81999969482422,Eastman Chemical Company,Basic Materials
184,EMR,0.09304306381387466,0.5517518035392368,0.04244527025406239,7,3.759999990463257,Emerson Electric Co.,Industrial Goods
185,ENDP,0.22331919630992236,0.37873804716043147,0.1496075001625672,10,68.70999908447266,Endo International plc,Healthcare
186,EOG,2.855372421265304,7.676892194136258,2.8517358684590715,3,4.014999866485597,"EOG Resources, Inc.",Basic Materials
187,EQ,0.2430717365158157,0.6669720609780031,0.201214775055097,4,573.5499877929688,"Equillium, Inc.",Healthcare
188,EQIX,0.17830651120492128,0.3303222327582338,0.09379078358156918,0,88.06999969482422,"Equinix, Inc. (REIT)",Financial
189,EQR,0.107025230304645,0.3313918448346968,0.022782288642462498,6,9.470000267028807,Equity Residential,Financial
190,EQT,0.19410918372146324,0.2787715020443054,0.09396471541316587,0,330.0799865722656,EQT Corporation,Basic Materials
191,ESS,0.09878220063014835,0.6226701164752162,0.05394718588788621,7,36.81999969482422,"Essex Property Trust, Inc.",Financial
192,ETFC,0.161327274847338,0.2945946521830733,0.06656172616934176,0,77.19999694824219,E*TRADE Financial Corporation,Financial
193,ETN,0.1451555882645651,0.2351809798355895,0.02644945874997197,11,118.47000122070312,Eaton Corporation plc,Industrial Goods
194,ETR,0.26016175289405696,0.3293282923785233,0.17539094972344849,10,220.0200042724609,Entergy Corporation,Utilities
195,EW,0.1224363995798696,0.25292313756515755,0.01205731714206626,11,48.209999084472656,Edwards Lifesciences Corporation,Healthcare
196,EXC,0.16053698079331766,0.33762080765060215,0.07784828620129579,0,69.69000244140625,Exelon Corporation,Utilities
197,EXPD,0.18919058069044134,0.4184942319387739,0.12248136053608388,7,132.28999328613278,"Expeditors International of Washington, Inc.",Services
198,EXPE,0.2470598639782603,0.3351562781703805,0.16376312848479518,10,117.63999938964844,"Expedia Group, Inc.",Services
199,EXR,0.056246562670412,0.41542562378908243,-0.010955415862107402,6,8.585000038146973,Extra Space Storage Inc.,Financial
200,F,0.19810600920117988,0.33674787030361486,0.11520296418247848,0,31.0,Ford Motor Company,Consumer Goods
201,FAST,0.27551451367401986,0.3655517520149437,0.1991438665690618,10,179.3153076171875,Fastenal Company,Services
202,FB,0.2333037051860746,0.2780716075539953,0.13290717748120467,10,55.68999862670898,"Facebook, Inc.",Technology
203,FBHS,0.14613657311470793,0.5162147874168724,0.09205554999750785,7,8.550000190734862,"Fortune Brands Home & Security, Inc.",Consumer Goods
204,FCX,0.17884666550438463,0.34043076263307803,0.0968404929840056,0,236.1100006103516,Freeport-McMoRan Inc.,Basic Materials
205,FDS,0.11021659927516912,0.2993881436736843,0.01696833797407775,11,140.03810119628906,FactSet Research Systems Inc.,Technology
206,FDX,0.1151278387722385,0.24540123371436362,0.0013654773155431787,11,48.040000915527344,FedEx Corporation,Services
207,FE,0.21993362136815295,0.6025667235856621,0.1736027790581003,7,131.05999755859378,FirstEnergy Corp.,Utilities
208,FFIV,0.0848626235347219,0.4116707128775283,0.017047685579595115,6,15.720000267028807,"F5 Networks, Inc.",Technology
209,FHN,0.13799088976688254,0.32489033309598825,0.05206212855783712,0,30.80500030517578,First Horizon National Corporation,Financial
210,FII,0.18145529970647647,0.286371688486066,0.08396862426268245,0,131.02000427246094,"Federated Investors, Inc.",Financial
211,FIS,0.1881858012147303,0.30571306623940786,0.0968667607983488,0,103.58999633789062,"Fidelity National Information Services, Inc.",Technology
212,FISV,0.12320019179138704,0.5117515864963286,0.06864750531538197,7,25.729999542236328,"Fiserv, Inc.",Services
213,FITB,0.1946832309689091,0.4069633926576161,0.12608388184951616,10,41.08000183105469,Fifth Third Bancorp,Financial
214,FL,0.27202547001851546,0.4537975420580382,0.21050591280557243,10,51.849998474121094,"Foot Locker, Inc.",Consumer Goods
215,FLIR,0.11334645768887454,0.41041283438015114,0.04532367303620585,6,17.719999313354492,"FLIR Systems, Inc.",Technology
216,FLR,0.2016774135065115,0.4156378527977865,0.13450974900287782,10,42.959999084472656,Fluor Corporation,Industrial Goods
217,FLS,0.19400796174585186,0.3396075781912661,0.11180301213777986,0,79.44999694824219,Flowserve Corporation,Industrial Goods
218,FMC,0.15485592583666247,0.5591565847239215,0.10492818714157695,7,10.600000381469727,FMC Corporation,Basic Materials
219,FOSL,0.016951836884689354,0.2412882141652367,-0.09874972752166103,12,13.449999809265135,"Fossil Group, Inc.",Consumer Goods
220,NWS,0.1849247966599774,0.2868036814590758,0.08758495879699672,0,38.83259963989258,First Trust New Opportunities MLP & Energy Fund,Financial
221,FRT,0.2554485773755219,0.6223311200199368,0.21058914008619264,4,57.86000061035156,Federal Realty Investment Trust,Financial
222,FSLR,0.17267635563466488,0.3903039200886379,0.10114895758702969,0,22.459999084472656,"First Solar, Inc.",Technology
223,FTI,0.11368745943505851,0.20138878310474995,-0.024937062851326686,11,64.93000030517578,TechnipFMC plc,Basic Materials
224,FTV,0.03364266801131136,0.4333556516343983,-0.03077883831136379,12,10.5,Fortive Corporation,Technology
225,GCI,0.15169540008527682,0.24816245258111946,0.03919883357666393,11,178.3350067138672,"Gannett Co., Inc.",Services
226,GD,-0.009280271005603314,0.31385500735541644,-0.0982303377481042,12,178.3350067138672,"Gannett Co., Inc.",Services
227,GE,0.2722944855581434,0.41437196909114365,0.20492162751235268,10,178.3350067138672,"Gannett Co., Inc.",Services
228,GILD,0.10570362660768863,0.1875617512060833,-0.04314028038408475,11,178.3350067138672,"Gannett Co., Inc.",Services
229,GIS,0.13250759415779628,0.3901646225543584,0.060954659222382204,0,8.319999694824219,General Dynamics Corporation,Industrial Goods
230,GLAD,0.11812032263664826,0.4979132355691537,0.062051469958288336,7,62.04999923706055,General Electric Company,Industrial Goods
231,GLW,0.06705650304473297,0.28387950587884664,-0.03128600944240277,11,54.25,"Gilead Sciences, Inc.",Healthcare
232,GM,0.09153311838126663,0.4556616281844034,0.030265234221325044,6,9.562700271606444,"General Mills, Inc.",Consumer Goods
233,GME,0.19281207338364953,0.7801214923970745,0.15702607835106724,7,27.55500030517578,Gladstone Capital Corporation,Financial
234,GNW,0.25547347725945957,0.30179723170363276,0.16296956761741377,10,33.959999084472656,Corning Incorporated,Technology
235,GOOG,0.12606239286209575,0.21922538183113977,-0.001283371659076521,11,5.235000133514403,General Motors Company,Consumer Goods
236,GPC,0.2521662607121698,0.3152725226522478,0.16361612758646793,10,5.235000133514403,General Motors Company,Consumer Goods
237,GPN,0.051283021999810066,0.40218218752373897,-0.018131846976913488,6,5.235000133514403,General Motors Company,Consumer Goods
238,GPS,0.2793664092596623,0.6282049759632543,0.23492641766468106,4,5.235000133514403,General Motors Company,Consumer Goods
239,GRA,0.21902134486670657,0.39080186949088636,0.14758508513718793,10,4.2849998474121085,GameStop Corp.,Services
240,GRMN,0.11901190257347793,0.36771028279594264,0.043089566000625246,6,1201.68994140625,"Genworth Financial, Inc.",Financial
241,GS,0.08986490065430895,0.47731158112478644,0.031376012146837814,6,92.98999786376952,Alphabet Inc.,Technology
242,GT,0.14964200417866866,0.28187818839659706,0.050601266012531676,0,158.91000366210938,Genuine Parts Company,Services
243,GWW,0.10723873219917184,0.428072915711152,0.042022216911458424,6,16.100000381469727,Global Payments Inc.,Services
244,HAL,0.16410831649701393,0.3081046337650361,0.07349811206554625,0,64.37000274658203,"The Gap, Inc.",Services
245,HAS,0.14750484347766551,0.5247731654559656,0.0943058125640412,7,83.91000366210938,W. R. Grace & Co.,Basic Materials
246,HBAN,0.17374237051045258,0.41150373625913106,0.10589991516479245,0,198.4096984863281,Garmin Ltd.,Technology
247,HBI,0.2308793606834827,0.3073842785397606,0.14005681118825453,10,13.335000038146973,"The Goldman Sachs Group, Inc.",Financial
248,HCA,0.17821103600605856,0.32843677978397107,0.09321012998665643,0,284.1099853515625,The Goodyear Tire & Rubber Company,Consumer Goods
249,HCP,0.1302354537835863,0.30495802754032514,0.03869031861563002,0,18.48500061035156,"W.W. Grainger, Inc.",Services
250,HD,0.15300348190788837,0.3892451845267905,0.0812815314214054,0,117.46990203857422,Halliburton Company,Basic Materials
251,HES,0.20503945988224312,0.46452292293957853,0.1449403291976554,7,13.710000038146973,"Hasbro, Inc.",Consumer Goods
252,HIBB,0.18494554602589022,0.5637247011038806,0.13542239439342715,7,14.67490005493164,Huntington Bancshares Incorporated,Financial
253,HIG,0.15714012385786363,0.23146446664198633,0.03652798733103685,11,116.90499877929688,Hanesbrands Inc.,Consumer Goods
254,HLT,0.09106694277549103,0.37484978443563177,0.016590645840268148,6,36.6349983215332,"HCA Healthcare, Inc.",Healthcare
255,HOG,0.2770212913452573,0.4501510378561165,0.21500338734421012,10,228.51499938964844,"HCP, Inc.",Financial
256,HOLX,0.12635895879616904,0.3071573106843816,0.03546929776375153,11,63.34500122070313,"The Home Depot, Inc.",Services
257,HON,0.18952993424560313,0.42469013342776224,0.12379395016138371,7,22.31999969482422,Hess Corporation,Basic Materials
258,HP,0.16492329713960316,0.31361953252664526,0.07590644405389645,0,58.30500030517578,"Hibbett Sports, Inc.",Services
259,HPE,0.07669039330342717,0.3749847262968283,0.002240897380135387,6,91.1999969482422,"The Hartford Financial Services Group, Inc.",Financial
260,HPQ,0.1257848588242294,0.33241592036138856,0.04180144484880442,0,33.268199920654304,Hilton Worldwide Holdings Inc.,Services
261,HRB,0.15367727228287745,0.22631804124264146,0.030322440743833667,11,48.63000106811523,"Harley-Davidson, Inc.",Consumer Goods
262,HRL,0.20573980436386186,0.29104791574148164,0.10981943406810074,0,160.5,"Hologic, Inc.",Healthcare
263,HSIC,0.15380506225240906,0.4157390162299551,0.08665374192434389,0,37.0099983215332,Honeywell International Inc.,Industrial Goods
264,HST,0.14495081736054105,0.22449428288443612,0.020593869410541046,11,13.914999961853027,"Helmerich & Payne, Inc.",Basic Materials
265,HSY,0.25847733705096343,0.3903184766270252,0.18695260654631626,10,16.405000686645508,Hewlett Packard Enterprise Company,Technology
266,HUM,0.06272598511796244,0.2566081047601815,-0.04606802151648591,11,23.184999465942386,HP Inc.,Technology
267,IBM,0.2763883779014211,0.43012041216232044,0.21148231192007258,10,43.36000061035156,"H&R Block, Inc.",Services
268,ICE,0.26579116410260634,0.324502535908155,0.17975971361300536,10,62.38000106811523,Hormel Foods Corporation,Consumer Goods
269,IDXX,0.11453288955244874,0.25572976539181697,0.0053652148042290515,11,16.53499984741211,"Henry Schein, Inc.",Services
270,IFF,0.15325508702377252,0.39266546968295074,0.08215786557908139,0,156.97999572753906,"Host Hotels & Resorts, Inc.",Financial
271,IGT,0.31928274942975726,0.5986664233788593,0.27265006257525304,4,252.1199951171875,The Hershey Company,Consumer Goods
272,ILMN,0.2479451288362117,0.6640707769618933,0.20590529690827492,4,139.19999694824222,Humana Inc.,Healthcare
273,INCY,0.1947077843476283,0.20424956596486032,0.05802488017668189,0,93.87000274658205,International Business Machines Corporation,Technology
274,INFO,0.09768311444494067,0.3687940084555467,0.02198388069478749,6,269.57998657226557,"Intercontinental Exchange, Inc.",Financial
275,INTC,0.19550965426047776,0.4028749049055521,0.12621413966823175,10,114.91000366210938,"IDEXX Laboratories, Inc.",Healthcare
276,INTU,0.07727233528107504,0.3558896508913904,-0.0011717098936248477,6,13.579999923706055,International Flavors & Fragrances Inc.,Basic Materials
277,IP,0.04688075293695051,0.40601256230077765,-0.02187924723036188,12,293.1199951171875,International Game Technology PLC,Services
278,IPG,0.1673919091707143,0.33746781176518353,0.08466572646989462,0,74.79000091552734,"Illumina, Inc.",Healthcare
279,IR,0.13398660560388728,0.2917272138391211,0.03828958959931243,11,67.12000274658203,Incyte Corporation,Healthcare
280,IRM,0.3617215594524208,0.5180848445408757,0.30783574490698146,4,50.30500030517578,IHS Markit Ltd.,Services
281,ISRG,0.1832597825314932,0.3887563261503659,0.11144764219108289,0,264.17999267578125,Intel Corporation,Technology
282,IT,0.17220474290288731,0.290998217412343,0.07626799078122895,0,38.65190124511719,Intuit Inc.,Technology
283,ITT,0.1318398746760385,0.2582778331265523,0.02374920536159804,11,20.489999771118164,International Paper Company,Consumer Goods
284,ITW,0.10729529930225962,0.4417622312104438,0.044099711541762995,6,114.02999877929688,"The Interpublic Group of Companies, Inc.",Services
285,IVZ,0.24883125461197678,0.3591930640441381,0.1711086406577667,10,32.139999389648445,Ingersoll-Rand Plc,Industrial Goods
286,JBHT,0.14448370658629872,0.5153537600246167,0.09031232758947355,7,513.3200073242189,Iron Mountain Incorporated,Technology
287,JBL,0.10427889053352832,0.4020157320591699,0.034835280183415376,6,141.2899932861328,"Intuitive Surgical, Inc.",Healthcare
288,JCI,-0.0007287375809539539,0.5222222706499597,-0.054187629360858844,12,55.90999984741211,"Gartner, Inc.",Technology
289,JCP,0.1897447342661271,0.36408656071145884,0.11306674923647049,0,147.77999877929688,ITT Inc.,Industrial Goods
290,JEC,0.09715791904394822,0.18973104368469015,-0.049984179104880566,11,15.529999732971193,Illinois Tool Works Inc.,Industrial Goods
291,JNJ,0.11541006645894338,0.5615685487116815,0.06569676980837602,7,107.0199966430664,Invesco Ltd.,Financial
292,JNPR,0.14659849032875108,0.3869749058900243,0.07445576627401264,0,35.02000045776367,"J.B. Hunt Transport Services, Inc.",Services
293,JPM,0.15641703890155115,0.41087375531387127,0.08847056266481523,0,41.87900161743164,Jabil Inc.,Technology
294,JWN,0.09068806571032169,0.21741719872888327,-0.037716789172134516,11,0.963800013065338,Johnson Controls International plc,Consumer Goods
295,K,0.18811171523317227,0.4844780366212144,0.13048800117085776,7,88.55999755859375,"J. C. Penney Company, Inc.",Services
296,KBH,0.12140506414998928,0.4464989844314046,0.05887989651207422,6,132.84500122070312,Jacobs Engineering Group Inc.,Services
297,KEY,-0.15966919440093696,0.2636923416559566,-0.26554039140428676,9,23.364999771118164,Johnson & Johnson,Healthcare
298,KHC,0.15118172533963778,0.3692141181940952,0.075568625850695,0,112.7300033569336,"Juniper Networks, Inc.",Technology
299,KIM,0.1850733774962963,0.4542421833159918,0.1236140395547301,7,32.759998321533196,JPMorgan Chase & Co.,Financial
300,KLAC,0.09431076041178348,0.20448453255489996,-0.04221508583645116,11,62.1500015258789,"Nordstrom, Inc.",Services
301,KMB,0.028211761187940377,0.2737098096451006,-0.07378467031713017,12,34.21500015258789,Kellogg Company,Consumer Goods
302,KMI,0.3274503547738179,0.46656643534497655,0.26761445202378314,4,17.004999160766598,KB Home,Industrial Goods
303,KMX,0.08092894702747866,0.20477811181540978,-0.05540116952764226,11,26.80699920654297,KeyCorp,Financial
304,KO,0.09973214038626224,0.28253696254231636,0.0009223294485123518,11,20.600000381469727,The Kraft Heinz Company,Consumer Goods
305,KR,0.09889896995092441,0.3599539515322826,0.021340649691093574,6,157.25999450683594,Kimco Realty Corporation,Financial
306,KSS,0.20062154761870218,0.44303453158333916,0.13760744406347886,7,138.13499450683594,KLA Corporation,Technology
307,KSU,0.11118307800916154,0.2947193368924826,0.016457621084300725,11,20.09499931335449,Kimberly-Clark Corporation,Consumer Goods
308,LEG,0.23220786377421082,0.4828352511213247,0.17438809235756786,10,85.8021011352539,"Kinder Morgan, Inc.",Basic Materials
309,LEN,0.1912787342551546,0.2935897539966256,0.09618882232296479,0,53.84500122070313,"CarMax, Inc.",Services
310,LH,-0.5780028150149537,0.8363284930908199,-0.6113837461710332,9,24.649999618530273,The Coca-Cola Company,Consumer Goods
311,LIFE,0.2301341089375441,0.34610397853961566,0.14947215304345163,10,48.709999084472656,The Kroger Co.,Services
312,LKQ,0.09047262535791685,0.25725117020690697,-0.018049422682830385,11,127.87000274658205,Kohl's Corporation,Services
313,LLY,0.12849542883035317,0.42020189372406397,0.06205730880116293,6,39.0,Kansas City Southern,Services
314,LM,0.20519826679912168,0.2478441867976184,0.09255723933564976,0,59.790000915527344,"Leggett & Platt, Incorporated",Consumer Goods
315,LMT,0.17173646719460758,0.5138408260177186,0.11740558798422399,7,164.58999633789062,Lennar Corporation,Industrial Goods
316,LNC,0.1407737001594654,0.22169210363457117,0.014844885402263114,11,3.388799905776977,Laboratory Corporation of America Holdings,Healthcare
317,LNT,0.16821764611058354,0.3244750021321868,0.0821788953030276,0,30.104999542236328,"aTyr Pharma, Inc.",Healthcare
318,LOW,0.21921549051179645,0.4965955327297677,0.1629978606465592,7,107.66999816894531,LKQ Corporation,Consumer Goods
319,LRCX,0.18475579990379729,0.2846155026512202,0.08666759461744089,0,35.85499954223633,Eli Lilly and Company,Healthcare
320,LSI,0.2133867912852454,0.32118122107554914,0.12646569497007326,10,384.75,"Legg Mason, Inc.",Financial
321,LSTR,0.14517849838283756,0.3420040946456273,0.06354958139381887,0,54.3849983215332,Lockheed Martin Corporation,Industrial Goods
322,LUV,0.2250654111951233,0.32780251240129304,0.13990003632589065,10,53.709999084472656,Lincoln National Corporation,Financial
323,LYB,0.0816562460280044,0.41726305515997464,0.014750193583392149,6,107.79499816894531,Alliant Energy Corporation,Utilities
324,M,0.3669186760728986,0.3378728850828287,0.2842916731842574,4,230.69500732421875,"Lowe's Companies, Inc.",Services
325,MA,0.19029535847526896,0.2967749729732464,0.09622602516174493,0,107.58999633789062,Lam Research Corporation,Technology
326,MAA,0.15730162195092656,0.39958716476220135,0.08743595479831329,0,109.66999816894531,"Life Storage, Inc.",Financial
327,MAC,0.16946254806922476,0.32233004733041354,0.08285124985812484,0,53.5250015258789,"Landstar System, Inc.",Services
328,MAR,0.1282825538026156,0.37994603968988494,0.054805215087573786,0,82.18099975585938,Southwest Airlines Co.,Services
329,MAS,0.08230218384081649,0.3457546100732329,0.0015587229052722723,6,14.829999923706055,LyondellBasell Industries N.V.,Basic Materials
330,MAT,0.13835852292068662,0.6355248257695166,0.09443038239851431,7,270.39999389648443,"Macy's, Inc.",Services
331,MBI,0.13625268338841262,0.22799181586147665,0.013803446575918976,11,133.60000610351562,Mastercard Incorporated,Financial
332,MCD,0.1900962749055197,0.4222649944783881,0.12398275799839839,7,27.8700008392334,"Mid-America Apartment Communities, Inc.",Financial
333,MCHP,0.14099381379739034,0.3022647909170984,0.04863299411002801,0,118.54000091552734,Macerich Company,Financial
334,MCK,0.2182436276666771,0.333396659352514,0.1345072641831601,10,42.02999877929688,"Marriott International, Inc.",Services
335,MCO,0.06387542489983881,0.3034377019253557,-0.028128382387760414,6,11.045000076293944,Masco Corporation,Industrial Goods
336,MDP,0.10360086055876225,0.24834797511357154,-0.008811668027249114,11,9.318699836730957,"Mattel, Inc.",Consumer Goods
337,MDT,0.8225107469599564,1.1038165661364165,0.7972190230375215,8,212.3300018310547,MBIA Inc.,Financial
338,MED,0.16190138030731885,0.40623284502542556,0.0931786657518646,0,91.16999816894531,McDonald's Corporation,Services
339,MET,0.1813761741199711,0.5288432509173825,0.1285865737926451,7,130.91499328613278,Microchip Technology Incorporated,Technology
340,MGM,0.14729749688758184,0.3618729794037373,0.07015047171390822,0,207.8600006103516,McKesson Corporation,Services
341,MHK,0.16917360054614383,0.2099655361141907,0.03621166608586468,11,33.025001525878906,Moody's Corporation,Services
342,MKC,0.16436679041372215,0.33190629231971097,0.08025442346636476,0,105.69499969482422,Meredith Corporation,Services
343,MLM,0.09855077272158305,0.27257780632982537,-0.003869245355573536,11,100.04000091552734,Medtronic plc,Healthcare
344,MMC,0.11039219833975236,0.23042606609865673,-0.010763469178260016,11,44.26499938964844,"Medifast, Inc.",Services
345,MMM,-0.2534595129881497,0.6588626802103492,-0.29583165621353236,9,26.59499931335449,"MetLife, Inc.",Financial
346,MNK,0.4394521490543932,0.47722418358818885,0.38095254905125675,13,123.68000030517578,MGM Resorts International,Services
347,MNST,0.18703102368938648,0.2441882502459809,0.0727035577953067,0,168.0,"Mohawk Industries, Inc.",Consumer Goods
348,MO,0.12327061934953698,0.4555189737497606,0.061983547985811877,6,266.66000366210943,"McCormick & Company, Incorporated",Consumer Goods
349,MOS,0.23953897005648242,0.3464166648815867,0.15894982212598308,10,96.0,"Martin Marietta Materials, Inc.",Industrial Goods
350,MPC,0.08530442072820124,0.26896251414034184,-0.01849228841902728,11,152.10000610351562,"Marsh & McLennan Companies, Inc.",Financial
351,MRK,0.12437404643544725,0.3931726012942022,0.053368529367785605,6,2.4600000381469727,3M Company,Industrial Goods
352,MRO,0.11953142808027527,0.5018962164226022,0.06390753027382992,7,56.54999923706055,Mallinckrodt plc,Healthcare
353,MS,0.11140020499461616,0.3028167411958611,0.019207733265731525,11,42.275001525878906,Monster Beverage Corporation,Consumer Goods
354,MSFT,0.1372300993078678,0.30439307226396267,0.04551505584747312,0,42.275001525878906,Monster Beverage Corporation,Consumer Goods
355,MTB,0.19203417256639718,0.2942827380546272,0.09716818064216091,0,42.275001525878906,Monster Beverage Corporation,Consumer Goods
356,MTD,0.20443045269226562,0.7423904060760405,0.16682567813800916,7,42.275001525878906,Monster Beverage Corporation,Consumer Goods
357,MTG,0.1716170599390141,0.5323743769459484,0.11917760180452383,7,18.70499992370605,"Altria Group, Inc.",Consumer Goods
358,MTW,0.17233197747687515,0.576323700786396,0.12389145036747645,7,60.2599983215332,The Mosaic Company,Basic Materials
359,MU,0.13543174855232887,0.38299674290915015,0.06253968257892545,0,84.08999633789062,Marathon Petroleum Corporation,Basic Materials
360,MUR,0.10116710082348071,0.37429036315203,0.026579490240536463,6,11.225000381469727,"Merck & Co., Inc.",Healthcare
361,MYL,0.10515899069986138,0.5187117209466882,0.05133829854202661,7,40.1349983215332,Marathon Oil Corporation,Basic Materials
362,NAV,0.030440204218000692,0.3306734462720884,-0.05398575791008949,12,137.2449951171875,Morgan Stanley,Financial
363,NAVI,0.1515297751312222,0.38387226104077554,0.07880395801684893,0,151.9600067138672,Microsoft Corporation,Technology
364,NBL,0.02996167948509795,0.5179739758965605,-0.02393566893556386,12,665.1799926757812,M&T Bank Corporation,Financial
365,NBR,0.14192135532885022,0.2984223473037303,0.04837131089025991,0,12.760000228881836,Mettler-Toledo International Inc.,Healthcare
366,NCLH,0.19620368261050722,0.40072878566685766,0.12653705308381955,10,10.725000381469727,MGIC Investment Corporation,Financial
367,NDAQ,0.013009005682415052,0.49528485980528786,-0.04335739296483539,12,43.11999893188477,"The Manitowoc Company, Inc.",Industrial Goods
368,NE,-0.013457518200718365,0.2855944508875035,-0.11120950100352553,12,19.415000915527344,"Micron Technology, Inc.",Technology
369,FPL,0.11655376163866808,0.4006950766960554,0.04688127132027824,6,18.625,Murphy Oil Corporation,Basic Materials
370,NEM,0.4837611293363599,0.582431376639817,0.435828574581507,13,26.13999938964844,Mylan N.V.,Healthcare
371,NFLX,0.14538335998719415,0.23764713647812516,0.027909090086609287,11,11.600000381469727,Navistar International Corporation,Consumer Goods
372,NI,0.19485935950844946,0.2969182219672963,0.1008354101975603,0,19.65999984741211,Navient Corporation,Financial
373,NKE,0.0360788490294018,0.263732048483705,-0.06977640827527617,11,1.6150000095367432,"Noble Energy, Inc.",Basic Materials
374,NLSN,0.19172333256868263,0.24737891618040977,0.07887044970063482,0,47.63000106811523,Nabors Industries Ltd.,Basic Materials
375,NOC,0.17064535326864963,0.4574406217284373,0.1096157408432237,7,97.8499984741211,Norwegian Cruise Line Holdings Ltd.,Services
376,NOV,0.16620058664638224,0.3772341996841908,0.09219503816985483,0,1.1749999523162842,"Nasdaq, Inc.",Financial
377,NRG,0.18285107382116786,0.3252938465502292,0.09702890365779336,0,8.906499862670898,Noble Corporation plc,Basic Materials
378,NSC,0.185374823901947,0.5853636720519213,0.13768238040973085,7,274.625,Newmont Goldcorp Corporation,Basic Materials
379,NTAP,0.10541070785715104,0.34217181134551644,0.023821801564861245,6,28.989999771118164,"Netflix, Inc.",Services
380,NTRS,0.16854050050972602,0.38873387020389566,0.09672421180535001,0,92.34500122070312,NiSource Inc.,Utilities
381,NUE,0.19434113933165714,0.43662812291751224,0.13040246386295273,7,20.26499938964844,"NIKE, Inc.",Consumer Goods
382,NUS,0.3828529362443413,0.6096643108469982,0.3370614681281462,4,371.739990234375,Nielsen Holdings plc,Technology
383,NVDA,0.06968515147106603,0.345478837129643,-0.011122761637823525,6,20.55500030517578,Northrop Grumman Corporation,Industrial Goods
384,NWL,0.05806054859011079,0.3771029576213593,-0.015970755825601764,6,39.45000076293945,"National Oilwell Varco, Inc.",Basic Materials
385,NYT,0.202239817421044,0.29008144936907276,0.10599986856373925,0,168.08999633789062,"NRG Energy, Inc.",Utilities
386,O,0.09422052305960348,0.60120049999012,0.047784394260324055,7,51.22000122070313,Norfolk Southern Corporation,Services
387,ODP,0.30930324605391224,0.5324839244426113,0.25687457624767246,4,88.18000030517578,"NetApp, Inc.",Technology
388,OFLX,0.06790721731605505,0.47922236459931994,0.00965153912984542,6,48.84000015258789,Northern Trust Corporation,Financial
389,OI,0.215998339328719,0.3069339513932147,0.12504253686694689,10,40.54499816894531,Nucor Corporation,Basic Materials
390,OKE,0.08120293226866634,0.28064040855470235,-0.01827463047971721,11,179.10000610351562,"Nu Skin Enterprises, Inc.",Consumer Goods
391,OMC,0.11298311724996377,0.38895677094575837,0.04120798454344096,6,18.655500411987305,NVIDIA Corporation,Technology
392,ORCL,0.23869184237884425,0.3375570321704988,0.1559875252084308,10,28.68000030517578,Newell Brands Inc.,Consumer Goods
393,ORLY,0.1548537230381704,0.3230706428634825,0.06844096945495719,0,135.86000061035156,News Corporation,Services
394,OXY,0.12754089391513893,0.2906818693734019,0.03149973416922286,11,135.86000061035156,News Corporation,Services
395,PAYX,0.14002116282598448,0.2632912409058858,0.03398868048559564,11,135.86000061035156,News Corporation,Services
396,PBCT,-0.017677975208631146,0.3329659607236629,-0.10152265347861741,12,135.86000061035156,News Corporation,Services
397,PBI,0.19641338338852576,0.3458273156173752,0.11568689768020665,0,78.19999694824219,The New York Times Company,Services
398,PCAR,0.10162796639476768,0.45162770829687937,0.03981284004432515,6,1.7450000047683716,Realty Income Corporation,Financial
399,PCG,0.08379877238494982,0.3132549466980525,-0.005321684118621703,6,92.70850372314452,"Office Depot, Inc.",Services
400,PDCO,0.13764124780139161,0.24458713573554117,0.023500233116473757,11,8.984999656677246,"Omega Flex, Inc.",Industrial Goods
401,PEG,0.11013356533747976,0.19399740482168407,-0.03377260638369953,11,68.69000244140625,"Owens-Illinois, Inc.",Consumer Goods
402,PEP,0.3812574942385871,0.7555039410861624,0.3443054383544094,4,75.30999755859375,"ONEOK, Inc.",Utilities
403,PETS,0.06969365168826344,0.2465325670078714,-0.043546656440443296,11,54.47000122070313,Omnicom Group Inc.,Services
404,PFE,0.17530324217356744,0.45102217658928556,0.11340512429641736,7,389.6499938964844,Oracle Corporation,Technology
405,PFG,0.799164282886962,1.2517585670173283,0.7768617202464253,8,41.48500061035156,"O'Reilly Automotive, Inc.",Services
406,PFIE,0.09082771695803205,0.20859730437094579,-0.043006341616796034,11,82.58000183105469,Occidental Petroleum Corporation,Basic Materials
407,PG,0.19444886283454044,0.28828336410007177,0.09760864474258897,0,15.020000457763672,"Paychex, Inc.",Services
408,PGR,0.1490245080012958,0.3126943981597381,0.05974429058764405,0,4.25,"People's United Financial, Inc.",Financial
409,PH,0.2127298679079229,0.4634950899135,0.1524974631656364,10,67.12000274658203,Pitney Bowes Inc.,Consumer Goods
410,PHM,0.18866959144905388,0.3229059913211953,0.10221277552716261,0,11.085000038146973,PACCAR Inc,Consumer Goods
411,PKG,0.15221527966367013,0.377159431970964,0.07819506040031719,0,16.489999771118164,PG&E Corporation,Utilities
412,PKI,0.1912018528510622,0.3883909153189518,0.11932214930854695,0,61.724998474121094,"Patterson Companies, Inc.",Services
413,PLD,-0.32543440043039734,0.6199002106906081,-0.3704697518793517,9,138.1199951171875,Public Service Enterprise Group Incorporated,Utilities
414,PLL,0.11008145689094112,0.22464955369176035,-0.014189539391729664,11,18.5,"PepsiCo, Inc.",Consumer Goods
415,PM,0.15610404778469475,0.3665997340220784,0.07995171797953707,0,35.73680114746094,"PetMed Express, Inc.",Healthcare
416,PNC,0.12504216500398221,0.3172116498435675,0.03703334229680913,0,52.75,Pfizer Inc.,Healthcare
417,PNR,0.12685153426045262,0.21477739498333964,-0.0031315296178384966,11,1.7899999618530271,"Principal Financial Group, Inc.",Financial
418,PNW,0.13064341468427185,0.273979101537719,0.02874723466526781,11,121.88999938964844,"Profire Energy, Inc.",Basic Materials
419,PPG,0.12681912906681622,0.24270281153221068,0.011791933149774711,11,74.97000122070312,The Procter & Gamble Company,Consumer Goods
420,PPL,0.1639709769037082,0.3550244852335415,0.08533577000137917,0,167.88999938964844,The Progressive Corporation,Financial
421,PRGO,0.17859222546648215,0.438147009846137,0.11487520075932715,7,36.959999084472656,Parker-Hannifin Corporation,Industrial Goods
422,PRU,0.20139220712209568,0.2933814643409009,0.10623478497734441,0,102.55999755859376,"PulteGroup, Inc.",Industrial Goods
423,PSA,0.20615887442210995,0.25729309031561914,0.0976545076025955,0,80.2300033569336,Packaging Corporation of America,Consumer Goods
424,PSX,0.20179795178498477,0.395798944297217,0.13126359525378495,10,85.80000305175781,"PerkinElmer, Inc.",Healthcare
425,PVH,0.18447195191741397,0.5242301210996874,0.13121781269861155,7,6.3197999000549325,"Prologis, Inc.",Financial
426,PWR,0.2279812249618195,0.4223921849426531,0.16188761611457564,10,6.3197999000549325,"Prologis, Inc.",Financial
427,PXD,0.2779929433258004,0.2873768793724342,0.18084725814507985,10,6.3197999000549325,"Prologis, Inc.",Financial
428,PYPL,0.09706762093878439,0.4239282603333665,0.031213497814794405,6,6.3197999000549325,"Prologis, Inc.",Financial
429,QCOM,0.09259414757995361,0.410529861467499,0.02459075374171371,6,77.25,Piedmont Lithium Limited,Basic Materials
430,QRVO,0.12052907688351083,0.3510399693426008,0.041001312839963625,6,137.3800048828125,Philip Morris International Inc.,Consumer Goods
431,R,0.04951817276408846,0.6675188136372701,0.00769549558797708,12,35.470001220703125,"The PNC Financial Services Group, Inc.",Financial
432,RAD,0.2679417121703594,0.39667602675103997,0.19756331274857178,10,96.27999877929688,Pentair plc,Industrial Goods
433,RAVN,0.16588984719422115,0.4633711237391199,0.10564132841200621,7,113.11000061035156,Pinnacle West Capital Corporation,Utilities
434,RCL,0.17713856853624077,0.2744107815619634,0.07540268304069038,0,30.47500038146973,"PPG Industries, Inc.",Basic Materials
435,RE,0.1621037257310326,0.3213793958322429,0.0752362282692319,0,51.91999816894531,PPL Corporation,Utilities
436,REG,0.3541736680931937,0.631082742869749,0.3099363249442077,4,85.30999755859375,Perrigo Company plc,Healthcare
437,REGN,0.13797515241945293,0.49015884662738746,0.08101928179950496,7,247.97000122070312,"Prudential Financial, Inc.",Financial
438,RF,0.15095621022589434,0.37517658594376596,0.07654478665183138,0,101.0999984741211,Public Storage,Financial
439,RHI,0.007080517908138252,0.4646586661206802,-0.053001055701169496,12,81.29000091552734,Phillips 66,Basic Materials
440,RIG,0.2086295856553344,0.39825203792295855,0.1385296961548744,10,37.38999938964844,PVH Corp.,Consumer Goods
441,RJF,0.16143529998569064,0.3726638398265117,0.08652214537232929,0,124.19000244140624,"Quanta Services, Inc.",Industrial Goods
442,RL,0.23299279632412173,0.35197036696199746,0.153675255780299,10,100.56999969482422,Pioneer Natural Resources Company,Basic Materials
443,RMD,0.18848147861931291,0.3411449322283604,0.10664698185755349,0,74.06999969482422,"PayPal Holdings, Inc.",Financial
444,ROK,0.20157860608652264,0.3037630905471459,0.10967335255013408,0,73.40499877929688,QUALCOMM Incorporated,Technology
445,ROP,0.26359614876409637,0.33592740613629274,0.1804906225647671,10,47.6500015258789,"Qorvo, Inc.",Technology
446,ROST,0.15439380319012386,0.4924173842872679,0.09769916822685892,7,8.168700218200684,"Ryder System, Inc.",Services
447,RRC,0.028455060634461318,0.3906913551617175,-0.0430014061721222,12,31.55500030517578,Rite Aid Corporation,Services
448,RRD,0.16429175997411474,0.25682687087481454,0.05559042449220472,0,102.3550033569336,"Raven Industries, Inc.",Industrial Goods
449,RSG,0.1650115484778634,0.27620887507258857,0.06393795392230969,0,251.3600006103516,Royal Caribbean Cruises Ltd.,Services
450,RTN,0.03467418329732835,0.5327997862578766,-0.017723405012176507,12,68.73000335693361,"Everest Re Group, Ltd.",Financial
451,S,0.26119429242919295,0.3469093228588699,0.18071959194646825,10,283.7828063964844,Regency Centers Corporation,Financial
452,SAM,0.13535244452543974,0.6618367506357244,0.09317070737512821,7,15.036399841308596,"Regeneron Pharmaceuticals, Inc.",Healthcare
453,SANM,0.32003160420196114,0.6174490804694738,0.274817472810745,4,53.2400016784668,Regions Financial Corporation,Financial
454,SBAC,0.23233427876306303,0.3354411811332529,0.14910829035753598,10,4.1550002098083505,Robert Half International Inc.,Services
455,SBUX,0.12181127310338855,0.4298921064461876,0.05687073701744158,6,76.99500274658203,Transocean Ltd.,Basic Materials
456,SCHW,0.4584448934122881,0.5985230656791001,0.4118010371390858,13,90.4800033569336,"Raymond James Financial, Inc.",Financial
457,SE,0.1023247216324117,0.36591148178459476,0.026029154968103346,6,130.96000671386722,Ralph Lauren Corporation,Consumer Goods
458,SEE,0.22347536902959797,0.27885496431021767,0.12336087431084836,10,154.7050018310547,ResMed Inc.,Healthcare
459,SHW,0.10773966217995641,0.4496785267525159,0.045656591295193054,6,335.04998779296875,"Rockwell Automation, Inc.",Industrial Goods
460,SIG,0.14543674692792885,0.24181897182784057,0.029989130718528226,11,108.7699966430664,"Roper Technologies, Inc.",Industrial Goods
461,SJM,0.0867723931176426,0.35172602711441514,0.00739975163083284,6,3.4249999523162837,"Ross Stores, Inc.",Services
462,SLB,0.18508361277043256,0.4164876253807092,0.11805299253000351,7,3.5999999046325684,Range Resources Corporation,Basic Materials
463,SLG,0.14921159262013278,0.46805666314570216,0.08956619912417066,7,86.02999877929688,R.R. Donnelley & Sons Company,Services
464,SLM,0.15451164641542597,0.2871156510167305,0.05727757452533028,0,193.7100067138672,"Republic Services, Inc.",Industrial Goods
465,SNA,0.13034396159681313,0.3391785811653027,0.048035038209559164,0,6.139999866485597,Raytheon Company,Industrial Goods
466,SNPS,0.1413017018063885,0.18721138481904842,-0.007820766780211319,11,371.8900146484375,Sprint Corporation,Technology
467,SO,0.1978743350567593,0.3338506082096583,0.11425183096295143,0,29.6299991607666,"The Boston Beer Company, Inc.",Consumer Goods
468,SPG,0.17308712912702393,0.3226180227689697,0.08655314193026904,0,238.50999450683597,Sanmina Corporation,Technology
469,SRCL,0.17209452592873759,0.24143996584721616,0.05646568314883668,0,85.65499877929688,SBA Communications Corporation,Technology
470,SRE,0.16674583002564267,0.47076829254393254,0.10744399450721272,7,35.22999954223633,Starbucks Corporation,Services
471,SSP,0.11345816009170222,0.41853553579296776,0.04675552324429723,6,28.520000457763672,The Charles Schwab Corporation,Financial
472,STI,0.13206378692806808,0.4211113450293129,0.06576914969907319,0,39.540000915527344,Sea Limited,Technology
473,STT,0.23289542139261665,0.4677244564717625,0.1732076640700148,10,546.6799926757811,Sealed Air Corporation,Consumer Goods
474,STX,0.22398196199836928,0.31294099287547644,0.1347720966010254,10,16.079999923706055,The Sherwin-Williams Company,Basic Materials
475,STZ,1672.4709556828248,2257.8802742986913,1672.4709433183853,2,106.1449966430664,Signet Jewelers Limited,Services
476,SUN,0.15015087191022525,0.3037521911021924,0.05824232056634361,0,31.29150009155273,The J. M. Smucker Company,Consumer Goods
477,SWK,0.2547236338189296,0.643718052763597,0.2113546095514294,4,80.08000183105469,Schlumberger Limited,Basic Materials
478,SWKS,0.17381524546167545,0.5160883960383414,0.11972097776250722,7,8.194999694824219,SL Green Realty Corp.,Financial
479,SWN,0.11196026293743358,0.2682614197114862,0.007892283718664642,11,152.5850067138672,SLM Corporation,Financial
480,SYF,0.17040393092321393,0.26433599310482614,0.06479052760336655,0,135.75,Snap-on Incorporated,Industrial Goods
481,SYK,0.17207162417584557,0.42912806815267707,0.10701546513243428,7,61.7599983215332,"Synopsys, Inc.",Technology
482,SYMC,0.12334539881540063,0.23001520290380872,0.001973317756013726,11,146.99000549316406,The Southern Company,Utilities
483,SYY,0.06965909281748817,0.2554876822186862,-0.03961202197479492,11,48.52999877929688,"Simon Property Group, Inc.",Financial
484,T,0.09554115087494579,0.26700225196438593,-0.009017607136788744,11,146.43499755859375,"Stericycle, Inc.",Industrial Goods
485,TAP,0.06499733011551286,0.35235965293744764,-0.014232580627668676,6,12.539999961853027,Sempra Energy,Utilities
486,TDC,0.3278025348162974,0.30094820041563297,0.2350376543047135,10,66.13999938964844,The E.W. Scripps Company,Services
487,TDG,0.13660480780750275,0.3159180847211247,0.04823562224354119,0,55.18999862670898,"SunTrust Banks, Inc.",Financial
488,TEL,0.1275080466408125,0.5052945652694488,0.07225824628555752,7,51.61999893188477,State Street Corporation,Financial
489,TER,0.17453001785879887,0.5332816356506381,0.12217977366246285,7,188.83999633789062,Seagate Technology plc,Technology
490,TEX,0.1265484130121826,0.32291689580482613,0.04009451662453138,0,31.489999771118164,"Constellation Brands, Inc.",Consumer Goods
491,TGT,0.09081246478246725,0.5382971163533068,0.03894998400074032,6,136.07000732421878,Sunoco LP,Basic Materials
492,THC,0.12832113080481988,0.39412224469705315,0.0574867025852418,6,79.98999786376953,"Stanley Black & Decker, Inc.",Industrial Goods
493,TIF,0.20977681986679306,0.28943421059594115,0.11332165724365048,0,1.825000047683716,"Skyworks Solutions, Inc.",Technology
494,TJX,0.15475033669810123,0.386742172892893,0.08256419872689,0,31.739999771118164,Southwestern Energy Company,Basic Materials
495,TKR,0.19797104340698346,0.2874402111914166,0.10084676237470576,0,209.01449584960938,Synchrony Financial,Financial
496,TMO,0.13281256679263856,0.4326590582611697,0.0682873400149286,0,23.3799991607666,Stryker Corporation,Healthcare
497,TRIP,0.1818194498937289,0.3648723172092877,0.10530659173759971,0,78.04000091552734,Symantec Corporation,Technology
498,TROW,0.13982888446818764,0.284915150459602,0.041843839423379464,0,37.54999923706055,Sysco Corporation,Services
499,TRV,0.3057759279445761,0.37852634803816987,0.23202300692224012,10,55.36999893188477,AT&T Inc.,Technology
500,TSCO,0.38182951152137823,0.5148317314297898,0.32760320388062697,4,28.81999969482422,Molson Coors Brewing Company,Consumer Goods
501,TSLA,0.15638326934417845,0.35226100699308,0.07713117133299885,0,512.4299926757811,Teradata Corporation,Technology
502,TSN,0.16378508979931009,0.30271714747093476,0.07156228681318959,0,86.5425033569336,TransDigm Group Incorporated,Industrial Goods
503,TSS,0.1249993289180246,0.5323674336910557,0.07255918685641705,7,58.29999923706055,TE Connectivity Ltd.,Technology
504,TWTR,0.138048035954191,0.39166709179823483,0.06676958433969102,0,23.520000457763672,"Teradyne, Inc.",Technology
505,TXN,0.11036869636321896,0.41407476387528797,0.04294748095164502,6,109.12000274658205,Terex Corporation,Industrial Goods
506,TXT,-0.21723322640179973,0.5187746539535294,-0.2710473895244129,9,21.3700008392334,Target Corporation,Services
507,UA,0.28225340023814477,0.6541330621193283,0.23957489112673763,4,86.88999938964844,Tenet Healthcare Corporation,Healthcare
508,UAL,0.18882255687778726,0.3214073149011725,0.10196260516724032,0,55.849998474121094,Tiffany & Co.,Services
509,UDR,0.21160704308569417,0.4157440112797058,0.14445652956224136,10,41.375,"The TJX Companies, Inc.",Services
510,UG,0.19140568076960707,0.30991591753207176,0.10132504188521238,0,274.14999389648443,The Timken Company,Industrial Goods
511,UHS,0.001551462182364256,0.6294233902901964,-0.04280250413410999,12,37.52000045776367,Thermo Fisher Scientific Inc.,Healthcare
512,UIS,0.29094993300812033,0.4801810040821152,0.2328105572010793,4,108.95999908447266,"TripAdvisor, Inc.",Technology
513,ULTA,0.23289038150406763,0.3122623289252154,0.1434866293837841,10,141.55999755859375,"T. Rowe Price Group, Inc.",Financial
514,UNH,0.10472261689744654,0.4197383167522848,0.03821111976336833,6,91.85530090332031,"The Travelers Companies, Inc.",Financial
515,UNM,0.1926310020407173,0.2800754548362462,0.09295277829899351,0,242.6300048828125,Tractor Supply Company,Services
516,UNP,0.07633772888845011,0.22516255704717744,-0.04765013222774324,11,80.19000244140625,"Tesla, Inc.",Consumer Goods
517,UPS,0.2131932172219831,0.4663019059127538,0.15332337003127522,7,133.27000427246094,"Tyson Foods, Inc.",Consumer Goods
518,URBN,0.22762426238200067,0.510680675570314,0.1729571774750674,7,40.21500015258789,"Total System Services, Inc.",Financial
519,URI,0.13601132823817655,0.3356294345336127,0.05283202100451222,0,126.43000030517578,"Twitter, Inc.",Technology
520,USB,0.12814046140039634,0.2626949202191562,0.02186728402626982,11,46.74499893188477,Texas Instruments Incorporated,Technology
521,UTX,0.2808998911060655,0.2944377084586042,0.18608382967873854,10,17.510000228881836,Textron Inc.,Industrial Goods
522,V,0.19056092833498542,0.30588722569439614,0.09929388117943025,0,85.75499725341797,"Under Armour, Inc.",Consumer Goods
523,VAR,0.1954180525903913,0.28846781148527745,0.0986397544919318,0,49.20000076293945,"United Airlines Holdings, Inc.",Services
524,VFC,0.0283398242974357,0.32333871867615605,-0.05800128562603575,12,18.399999618530273,"UDR, Inc.",Financial
525,VIA,0.1819603073073211,0.43046081811567016,0.11710556867178136,7,144.1750030517578,"United-Guardian, Inc.",Consumer Goods
526,VIVO,0.24662408059166185,0.3927293497776895,0.1755384235926739,10,6.905200004577638,"Universal Health Services, Inc.",Healthcare
527,VLO,0.14045183274034423,0.33781139659284704,0.05780979007006584,0,236.8600006103516,Unisys Corporation,Technology
528,VMC,0.14368442235467102,0.32289020993867446,0.05722338082283061,0,218.75,"Ulta Beauty, Inc.",Services
529,VNO,0.19440744197254753,0.19467837084697784,0.05100464005740202,0,26.665000915527344,UnitedHealth Group Incorporated,Healthcare
530,VRSK,0.1500714224658261,0.5333454957377064,0.09772744642245873,7,153.0800018310547,Unum Group,Financial
531,VRSN,0.27611021596720636,0.5827622098242009,0.2282048724478417,4,113.26000213623048,Union Pacific Corporation,Services
532,VRTX,0.26305251544218655,0.35423892080449765,0.18424292617308458,10,26.520000457763672,"United Parcel Service, Inc.",Services
533,VTR,0.0802825433120963,0.2452681086855253,-0.0335415653392539,11,110.875,"Urban Outfitters, Inc.",Services
534,VZ,0.17742882769078652,0.3765312052591781,0.10328510875913524,0,52.665000915527344,"United Rentals, Inc.",Services
535,WAT,0.2967850152320644,0.5372126787616183,0.2448178429082697,4,131.95500183105472,U.S. Bancorp,Financial
536,WB,0.08343659879029007,0.27503718504970837,-0.01806758089612867,11,173.89999389648438,United Technologies Corporation,Industrial Goods
537,WBA,0.31585249779229885,0.5875831385930851,0.2683402020538981,4,108.22000122070312,Visa Inc.,Financial
538,WDC,0.1118031384270434,0.4001428611034897,0.042034496860520326,6,87.12000274658203,"Varian Medical Systems, Inc.",Healthcare
539,WDR,0.1673240891985512,0.18619166285832447,0.017384916718121146,11,25.03129959106445,V.F. Corporation,Consumer Goods
540,WEC,0.13526162059333963,0.33146250598066185,0.05103663783356663,0,9.25,Viacom Inc.,Services
541,WEN,0.14323535672558543,0.37903077824816284,0.06958058921366052,0,84.13999938964844,"Meridian Bioscience, Inc.",Healthcare
542,WFC,0.14114377833454514,0.37256195004883763,0.06621013616289337,0,149.752197265625,Valero Energy Corporation,Basic Materials
543,WHR,0.28200529274584574,0.4071479102681598,0.21343703254442373,10,63.290000915527344,Vulcan Materials Company,Industrial Goods
544,WINA,0.13543319500230624,0.25911317704860626,0.02769099458732907,11,156.1649932861328,Vornado Realty Trust,Financial
545,WIN,0.1508782009013821,0.2478006911014791,0.03821740190344999,11,182.3000030517578,"Verisk Analytics, Inc.",Services
546,WLTW,0.20170539874070625,0.5850154806092467,0.15398456950271985,7,170.3699951171875,"VeriSign, Inc.",Technology
547,WM,0.07504196755347092,0.23648150770427226,-0.04301133869762097,11,73.79000091552734,Vertex Pharmaceuticals Incorporated,Healthcare
548,WMB,0.05570159412850938,0.5320993887709884,0.0032350353598281922,12,59.78499984741211,"Ventas, Inc.",Financial
549,WMT,-0.039018415120143916,0.30817711769768497,-0.12960730783319338,12,209.75,Verizon Communications Inc.,Technology
550,WPX,0.08393732572195256,0.3101348091940708,-0.006079734679231605,6,46.7400016784668,Waters Corporation,Healthcare
551,WRK,0.08395873491974554,0.3178565454269392,-0.003871527673193112,6,52.36000061035156,Weibo Corporation,Technology
552,WU,0.27229046700411763,0.48324781292341656,0.2145200578990139,4,56.099998474121094,"Walgreens Boots Alliance, Inc.",Services
553,WY,0.10901339909486013,0.5468539959455927,0.05796243474475242,7,15.489999771118164,Western Digital Corporation,Technology
554,WYNN,0.1408313217363091,0.38973636995654265,0.06919976254965861,0,94.7699966430664,"Waddell & Reed Financial, Inc.",Financial
555,X,0.142148875050925,0.26351643222512416,0.03620700411711421,11,20.045000076293945,"WEC Energy Group, Inc.",Utilities
556,XEC,0.15018499767214202,0.44737141318540896,0.08778176172786795,7,48.0099983215332,The Wendy's Company,Services
557,XEL,0.08335775770927546,0.2394807091562546,-0.033217076021975295,11,155.91000366210938,Wells Fargo & Company,Financial
558,XLNX,0.13630246993991116,0.2573387098585737,0.027817338157463622,11,176.45899963378906,Whirlpool Corporation,Consumer Goods
559,XOM,0.07552074350120726,0.4438252392313003,0.012618904254559124,6,115.58000183105469,"Windstream Holdings, Inc.",Technology
560,XRAY,0.18050939254226536,0.2285657322562786,0.058367619249538885,0,185.9900054931641,Winmark Corporation,Services
561,XRX,0.19793103972585804,0.2853319266281743,0.10008911862842494,0,23.11000061035156,Willis Towers Watson Public Limited Company,Financial
562,XYL,0.10000736292292654,0.44663945016129625,0.03750185911745102,6,118.125,"Waste Management, Inc.",Industrial Goods
563,YUM,0.242299302837945,0.2256737222501947,0.11859228204098417,10,118.125,"Waste Management, Inc.",Industrial Goods
