Date,High,Low,Open,Close,Volume,Adj Close
2017-04-03,31.5,30.030000686645508,30.030000686645508,31.0,15500.0,28.29107666015625
2017-04-04,32.5,26.510000228881836,32.0,27.25,3711300.0,24.8687686920166
2017-04-05,28.5,26.0,27.989999771118164,28.0,3178500.0,25.55323028564453
2017-04-06,28.6200008392334,27.010000228881836,28.149999618530273,27.549999237060547,1614400.0,25.142553329467773
2017-04-07,27.881999969482422,27.1200008392334,27.450000762939453,27.56999969482422,418400.0,25.160808563232422
2017-04-10,28.469999313354492,27.260000228881836,28.0,27.979999542236328,816300.0,25.534976959228516
2017-04-11,27.899999618530273,27.020000457763672,27.649999618530273,27.489999771118164,593500.0,25.08779525756836
2017-04-12,27.610000610351562,25.479999542236328,27.43000030517578,25.75,1003000.0,23.49984359741211
2017-04-13,25.889999389648438,23.280000686645508,25.780000686645508,23.81999969482422,3700900.0,21.738500595092773
2017-04-17,23.989999771118164,22.610000610351562,23.950000762939453,23.420000076293945,1934800.0,21.373451232910156
2017-04-18,24.649999618530273,23.40999984741211,23.40999984741211,24.0,3042200.0,21.902769088745117
2017-04-19,25.149999618530273,24.43000030517578,24.5,24.940000534057617,1081100.0,22.76062774658203
2017-04-20,25.290000915527344,24.719999313354492,25.059999465942383,25.0,491400.0,22.815383911132812
2017-04-21,25.950000762939453,25.1200008392334,25.1200008392334,25.690000534057617,524600.0,23.445087432861328
2017-04-24,26.950000762939453,26.010000228881836,26.700000762939453,26.389999389648438,261400.0,24.083919525146484
2017-04-25,27.0,25.459999084472656,26.989999771118164,26.100000381469727,544800.0,23.81926155090332
2017-04-26,27.0,26.0,26.75,26.530000686645508,851800.0,24.211685180664062
2017-04-27,26.75,26.030000686645508,26.729999542236328,26.209999084472656,568100.0,23.919649124145508
2017-04-28,26.5,25.190000534057617,26.5,25.40999984741211,415100.0,23.189556121826172
2017-05-01,26.010000228881836,25.309999465942383,25.739999771118164,25.75,461800.0,23.49984359741211
2017-05-02,26.5,25.75,25.899999618530273,26.030000686645508,915700.0,23.75537872314453
2017-05-03,26.829999923706055,24.801000595092773,26.049999237060547,25.06999969482422,2050900.0,22.87926483154297
2017-05-04,25.100000381469727,23.780000686645508,25.040000915527344,23.790000915527344,4993400.0,21.711118698120117
2017-05-05,24.360000610351562,23.6299991607666,24.15999984741211,23.959999084472656,1169100.0,21.86626625061035
2017-05-08,24.704999923706055,23.8799991607666,24.0,24.200000762939453,1351200.0,22.085289001464844
2017-05-09,25.079999923706055,24.110000610351562,24.229999542236328,24.959999084472656,708800.0,22.778879165649414
2017-05-10,25.6299991607666,24.690000534057617,24.959999084472656,25.260000228881836,990900.0,23.052663803100586
2017-05-11,25.34000015258789,24.530000686645508,25.139999389648438,24.739999771118164,560300.0,22.57810401916504
2017-05-12,25.09000015258789,24.450000762939453,24.6200008392334,25.010000228881836,536000.0,22.824508666992188
2017-05-15,25.25,24.639999389648438,24.969999313354492,24.760000228881836,450500.0,22.596359252929688
2017-05-16,24.889999389648438,23.829999923706055,24.639999389648438,24.1299991607666,1434300.0,22.021406173706055
2017-05-17,24.469999313354492,22.969999313354492,23.969999313354492,23.399999618530273,931700.0,21.355199813842773
2017-05-18,24.190000534057617,22.8700008392334,23.329999923706055,23.459999084472656,582300.0,21.409955978393555
2017-05-19,24.06399917602539,23.100000381469727,23.209999084472656,23.299999237060547,736700.0,21.263938903808594
2017-05-22,23.75,23.06999969482422,23.350000381469727,23.290000915527344,1002200.0,21.254812240600586
2017-05-23,23.860000610351562,23.079999923706055,23.350000381469727,23.56999969482422,720800.0,21.510343551635742
2017-05-24,24.479999542236328,23.329999923706055,23.510000228881836,24.0,511200.0,21.902769088745117
2017-05-25,24.600000381469727,23.56999969482422,24.280000686645508,23.969999313354492,715900.0,21.875391006469727
2017-05-26,24.760000228881836,23.740999221801758,23.93000030517578,24.760000228881836,551200.0,22.596359252929688
2017-05-30,24.93000030517578,24.459999084472656,24.84000015258789,24.84000015258789,610000.0,22.66936683654785
2017-05-31,24.790000915527344,23.90999984741211,24.790000915527344,24.290000915527344,463900.0,22.16742706298828
2017-06-01,24.450000762939453,23.520000457763672,24.299999237060547,24.1299991607666,570300.0,22.021406173706055
2017-06-02,24.15999984741211,22.799999237060547,24.15999984741211,23.399999618530273,1578700.0,21.355199813842773
2017-06-05,24.100000381469727,23.270999908447266,23.510000228881836,24.0,1154900.0,21.902769088745117
2017-06-06,24.774999618530273,23.959999084472656,24.020000457763672,24.25,786800.0,22.13092041015625
2017-06-07,24.899999618530273,23.790000915527344,24.200000762939453,24.239999771118164,1127000.0,22.121795654296875
2017-06-08,24.290000915527344,23.600000381469727,24.139999389648438,23.790000915527344,796300.0,21.711118698120117
2017-06-09,24.639999389648438,23.68000030517578,23.770000457763672,24.43000030517578,1202400.0,22.295194625854492
2017-06-12,24.905000686645508,24.229999542236328,24.43000030517578,24.770000457763672,1064200.0,22.605480194091797
2017-06-13,25.68000030517578,24.600000381469727,24.68000030517578,25.1200008392334,1554900.0,22.924898147583008
2017-06-14,26.18000030517578,25.12299919128418,25.229999542236328,25.6299991607666,1686900.0,23.390331268310547
2017-06-15,25.610000610351562,23.670000076293945,25.540000915527344,24.100000381469727,1417800.0,21.994029998779297
2017-06-16,24.100000381469727,22.59000015258789,24.100000381469727,23.459999084472656,9049900.0,21.409955978393555
2017-06-19,23.610000610351562,22.87700080871582,23.479999542236328,23.510000228881836,1111500.0,21.45558738708496
2017-06-20,23.5,22.770000457763672,23.270000457763672,23.40999984741211,935700.0,21.36432456970215
2017-06-21,23.579999923706055,23.0,23.40999984741211,23.360000610351562,1244500.0,21.318696975708008
2017-06-22,23.809999465942383,23.170000076293945,23.440000534057617,23.440000534057617,964800.0,21.391704559326172
2017-06-23,23.40999984741211,22.579999923706055,23.40999984741211,23.010000228881836,6528500.0,20.99928092956543
2017-06-26,23.459999084472656,22.760000228881836,22.899999618530273,23.309999465942383,1352900.0,21.273059844970703
2017-06-27,23.8700008392334,23.290000915527344,23.510000228881836,23.489999771118164,1398000.0,21.437334060668945
2017-06-28,23.739999771118164,23.334999084472656,23.549999237060547,23.530000686645508,714100.0,21.473840713500977
2017-06-29,24.450000762939453,23.420000076293945,23.520000457763672,24.350000381469727,1087400.0,22.222185134887695
2017-06-30,24.600000381469727,24.149999618530273,24.450000762939453,24.450000762939453,932600.0,22.313446044921875
2017-07-03,25.0,24.3700008392334,24.469999313354492,24.850000381469727,544100.0,22.67849349975586
2017-07-05,25.40999984741211,24.559999465942383,24.959999084472656,25.389999389648438,770700.0,23.17130470275879
2017-07-06,25.764999389648438,25.0,25.31999969482422,25.09000015258789,968500.0,22.89752197265625
2017-07-07,25.360000610351562,24.645000457763672,25.09000015258789,25.309999465942383,653300.0,23.098295211791992
2017-07-10,25.78499984741211,24.93000030517578,25.309999465942383,25.729999542236328,562300.0,23.481595993041992
2017-07-11,25.959999084472656,25.420000076293945,25.520000457763672,25.8799991607666,873900.0,23.618486404418945
2017-07-12,26.700000762939453,26.079999923706055,26.200000762939453,26.3700008392334,1179700.0,24.0656681060791
2017-07-13,27.479999542236328,26.34000015258789,26.3799991607666,27.34000015258789,1136000.0,24.950902938842773
2017-07-14,27.8799991607666,27.15999984741211,27.329999923706055,27.309999465942383,844100.0,24.923526763916016
2017-07-17,27.639999389648438,26.850000381469727,27.15999984741211,26.940000534057617,590200.0,24.585857391357422
2017-07-18,27.049999237060547,26.309999465942383,26.760000228881836,26.3799991607666,796900.0,24.074792861938477
2017-07-19,27.179000854492188,26.434999465942383,26.5,26.920000076293945,1299300.0,24.567604064941406
2017-07-20,27.25,26.670000076293945,27.190000534057617,26.700000762939453,1169900.0,24.366830825805664
2017-07-21,27.165000915527344,26.75,26.959999084472656,26.989999771118164,968600.0,24.631486892700195
2017-07-24,27.420000076293945,26.81999969482422,27.239999771118164,27.25,905200.0,24.8687686920166
2017-07-25,27.920000076293945,27.1200008392334,27.399999618530273,27.350000381469727,847300.0,24.960033416748047
2017-07-26,27.799999237060547,27.280000686645508,27.610000610351562,27.56999969482422,741500.0,25.160808563232422
2017-07-27,27.829999923706055,26.840999603271484,27.700000762939453,27.049999237060547,1076100.0,24.686243057250977
2017-07-28,27.459999084472656,26.610000610351562,26.950000762939453,27.399999618530273,687800.0,25.005659103393555
2017-07-31,28.3799991607666,27.200000762939453,27.399999618530273,28.040000915527344,1621500.0,25.58973503112793
2017-08-01,30.950000762939453,29.295000076293945,29.829999923706055,30.100000381469727,4069300.0,27.469722747802734
2017-08-02,30.6299991607666,29.920000076293945,30.299999237060547,30.209999084472656,1031200.0,27.570110321044922
2017-08-03,30.280000686645508,28.639999389648438,30.280000686645508,28.729999542236328,1479400.0,26.21944236755371
2017-08-04,28.780000686645508,28.149999618530273,28.700000762939453,28.219999313354492,1724400.0,25.75400161743164
2017-08-07,29.239999771118164,28.25,28.25,29.010000228881836,1484800.0,26.4749698638916
2017-08-08,29.59000015258789,28.719999313354492,29.059999465942383,28.760000228881836,764700.0,26.24681854248047
2017-08-09,28.93000030517578,28.25,28.729999542236328,28.420000076293945,852900.0,25.936527252197266
2017-08-10,28.535999298095703,28.145000457763672,28.40999984741211,28.40999984741211,839400.0,25.927400588989258
2017-08-11,28.700000762939453,27.709999084472656,28.219999313354492,28.25,905600.0,25.78138542175293
2017-08-14,28.790000915527344,28.270000457763672,28.479999542236328,28.530000686645508,691900.0,26.036914825439453
2017-08-15,28.649999618530273,28.049999237060547,28.549999237060547,28.219999313354492,1017100.0,25.75400161743164
2017-08-16,28.329999923706055,27.770000457763672,28.219999313354492,28.209999084472656,1659900.0,25.74488067626953
2017-08-17,28.25,27.889999389648438,28.010000228881836,27.940000534057617,542900.0,25.498472213745117
2017-08-18,27.329999923706055,26.729999542236328,27.329999923706055,27.209999084472656,4177200.0,24.832263946533203
2017-08-21,27.940000534057617,27.0,27.290000915527344,27.84000015258789,1102100.0,25.407211303710938
2017-08-22,28.040000915527344,27.479999542236328,28.0,27.479999542236328,790600.0,25.078670501708984
2017-08-23,28.15999984741211,27.40999984741211,27.450000762939453,27.989999771118164,1058300.0,25.544103622436523
2017-08-24,28.049999237060547,27.739999771118164,28.049999237060547,27.809999465942383,2470300.0,25.379833221435547
2017-08-25,28.15999984741211,27.829999923706055,28.0,27.8799991607666,1019900.0,25.44371223449707
2017-08-28,28.6200008392334,27.75,27.8799991607666,28.59000015258789,1343100.0,26.091672897338867
2017-08-29,28.520000457763672,27.920000076293945,28.329999923706055,27.969999313354492,1086600.0,25.52585220336914
2017-08-30,28.25,27.84000015258789,27.950000762939453,28.1200008392334,1014200.0,25.662744522094727
2017-08-31,29.170000076293945,28.219999313354492,28.239999771118164,29.0,2325000.0,26.46584701538086
2017-09-01,30.559999465942383,29.170000076293945,29.170000076293945,30.100000381469727,1048900.0,27.469722747802734
2017-09-05,30.299999237060547,29.045000076293945,30.1200008392334,29.09000015258789,682200.0,26.54798126220703
2017-09-06,30.280000686645508,29.280000686645508,30.0,30.079999923706055,894600.0,27.45146942138672
2017-09-07,30.274999618530273,29.030000686645508,30.030000686645508,29.899999618530273,1315500.0,27.287200927734375
2017-09-08,29.809999465942383,29.030000686645508,29.690000534057617,29.290000915527344,1053600.0,26.730506896972656
2017-09-11,30.360000610351562,29.440000534057617,29.440000534057617,29.600000381469727,1033500.0,27.013416290283203
2017-09-12,30.09000015258789,29.520000457763672,29.59000015258789,29.790000915527344,587600.0,27.186813354492188
2017-09-13,30.690000534057617,29.709999084472656,29.709999084472656,30.610000610351562,1130200.0,27.935157775878906
2017-09-14,30.520000457763672,30.059999465942383,30.450000762939453,30.170000076293945,616900.0,27.533605575561523
2017-09-15,30.170000076293945,29.459999084472656,30.170000076293945,29.579999923706055,2550000.0,26.995161056518555
2017-09-18,30.0,29.65999984741211,29.65999984741211,29.809999465942383,612300.0,27.20506477355957
2017-09-19,29.8799991607666,29.149999618530273,29.850000381469727,29.31999969482422,552600.0,26.75788116455078
2017-09-20,29.559999465942383,29.059999465942383,29.350000381469727,29.09000015258789,570200.0,26.54798126220703
2017-09-21,29.520000457763672,28.84000015258789,28.93000030517578,29.40999984741211,1255100.0,26.840023040771484
2017-09-22,30.09000015258789,29.149999618530273,29.149999618530273,29.520000457763672,2369200.0,26.940404891967773
2017-09-25,30.25,29.639999389648438,29.639999389648438,29.760000228881836,1091600.0,27.159433364868164
2017-09-26,30.059999465942383,29.6200008392334,29.690000534057617,29.68000030517578,714500.0,27.086423873901367
2017-09-27,30.229999542236328,29.43000030517578,29.75,29.520000457763672,923700.0,26.940404891967773
2017-09-28,29.559999465942383,29.045000076293945,29.40999984741211,29.110000610351562,738900.0,26.566234588623047
2017-09-29,29.1299991607666,28.6200008392334,29.0,29.010000228881836,1355000.0,26.4749698638916
2017-10-02,30.1299991607666,28.979999542236328,29.110000610351562,29.899999618530273,1284000.0,27.287200927734375
2017-10-03,30.100000381469727,29.440000534057617,29.899999618530273,29.6200008392334,804700.0,27.03166961669922
2017-10-04,29.979999542236328,29.489999771118164,29.530000686645508,29.6200008392334,595100.0,27.03166961669922
2017-10-05,30.420000076293945,29.68000030517578,29.68000030517578,29.84000015258789,746500.0,27.232440948486328
2017-10-06,29.829999923706055,29.389999389648438,29.729999542236328,29.489999771118164,660100.0,26.913028717041016
2017-10-09,29.90999984741211,29.200000762939453,29.6200008392334,29.34000015258789,621300.0,26.77613639831543
2017-10-10,29.8799991607666,28.959999084472656,29.59000015258789,29.399999618530273,734500.0,26.830890655517578
2017-10-11,29.579999923706055,29.100000381469727,29.31999969482422,29.110000610351562,462400.0,26.566234588623047
2017-10-12,29.270000457763672,28.600000381469727,28.979999542236328,28.6299991607666,534200.0,26.128177642822266
2017-10-13,29.219999313354492,28.079999923706055,28.829999923706055,28.389999389648438,919200.0,25.909151077270508
2017-10-16,28.979999542236328,28.459999084472656,28.459999084472656,28.850000381469727,698400.0,26.328956604003906
2017-10-17,29.299999237060547,28.854999542236328,28.860000610351562,28.989999771118164,638400.0,26.456722259521484
2017-10-18,29.219999313354492,28.56999969482422,29.030000686645508,28.989999771118164,902300.0,26.456722259521484
2017-10-19,29.31999969482422,28.84000015258789,28.940000534057617,29.31999969482422,1511200.0,26.75788116455078
2017-10-20,30.059999465942383,29.469999313354492,29.530000686645508,29.959999084472656,1288700.0,27.341957092285156
2017-10-23,30.049999237060547,29.420000076293945,30.020000457763672,29.43000030517578,1228500.0,26.858272552490234
2017-10-24,30.139999389648438,29.350000381469727,29.350000381469727,30.030000686645508,2091800.0,27.405841827392578
2017-10-25,31.700000762939453,30.020000457763672,30.690000534057617,31.0,2456400.0,28.29107666015625
2017-10-26,31.540000915527344,30.360000610351562,31.34000015258789,30.940000534057617,1071300.0,28.236318588256836
2017-10-27,31.170000076293945,30.549999237060547,30.75,30.690000534057617,1177100.0,28.008169174194336
2017-10-30,30.8799991607666,30.260000228881836,30.610000610351562,30.59000015258789,1256000.0,27.91690444946289
2017-10-31,31.040000915527344,30.59000015258789,30.709999084472656,30.889999389648438,1112900.0,28.190689086914062
2017-11-01,32.040000915527344,31.030000686645508,31.030000686645508,31.729999542236328,1571100.0,28.957284927368164
2017-11-02,32.06999969482422,31.440000534057617,31.6299991607666,31.700000762939453,958700.0,28.929908752441406
2017-11-03,31.860000610351562,31.459999084472656,31.579999923706055,31.549999237060547,649000.0,28.79301643371582
2017-11-06,32.0,31.549999237060547,31.549999237060547,31.8799991607666,1000000.0,29.09417724609375
2017-11-07,31.959999084472656,31.524999618530273,31.959999084472656,31.639999389648438,615500.0,28.875146865844727
2017-11-08,31.690000534057617,31.1200008392334,31.510000228881836,31.520000457763672,502100.0,28.765636444091797
2017-11-09,31.799999237060547,30.540000915527344,31.290000915527344,31.06999969482422,907200.0,28.35495948791504
2017-11-10,31.229999542236328,30.829999923706055,30.8799991607666,31.100000381469727,603500.0,28.382341384887695
2017-11-13,31.700000762939453,30.920000076293945,30.989999771118164,31.18000030517578,675900.0,28.45534896850586
2017-11-14,31.889999389648438,31.1299991607666,31.25,31.389999389648438,1866400.0,28.64699935913086
2017-11-15,31.420000076293945,30.489999771118164,31.25,31.200000762939453,1057500.0,28.473600387573242
2017-11-16,31.6299991607666,31.059999465942383,31.18000030517578,31.440000534057617,658000.0,28.692630767822266
2017-11-17,31.594999313354492,31.200000762939453,31.350000381469727,31.489999771118164,1270300.0,28.738256454467773
2017-11-20,32.02000045776367,31.440000534057617,31.489999771118164,31.969999313354492,1250500.0,29.176311492919922
2017-11-21,32.2400016784668,31.8700008392334,32.04999923706055,31.959999084472656,1230100.0,29.16718864440918
2017-11-22,32.810001373291016,31.899999618530273,32.0,32.11000061035156,1598500.0,29.304079055786133
2017-11-24,33.15999984741211,32.29999923706055,32.29999923706055,32.689998626708984,1739600.0,29.833396911621094
2017-11-27,32.79999923706055,31.840999603271484,32.65999984741211,32.400001525878906,820300.0,29.56873893737793
2017-11-28,33.02000045776367,32.369998931884766,32.45000076293945,32.9900016784668,985300.0,30.107181549072266
2017-11-29,33.34000015258789,32.86000061035156,33.0,32.93000030517578,771100.0,30.052425384521484
2017-11-30,33.95000076293945,33.040000915527344,33.27000045776367,33.310001373291016,2890700.0,30.399219512939453
2017-12-01,34.369998931884766,33.29999923706055,33.29999923706055,33.900001525878906,1238600.0,30.937664031982422
2017-12-04,34.470001220703125,33.61000061035156,34.11000061035156,33.630001068115234,1475000.0,30.691255569458008
2017-12-05,34.279998779296875,33.08000183105469,33.779998779296875,33.18000030517578,3159600.0,30.28057861328125
2017-12-06,33.665000915527344,33.189998626708984,33.20000076293945,33.540000915527344,1027800.0,30.609119415283203
2017-12-07,34.130001068115234,33.4109992980957,33.45000076293945,33.9900016784668,957400.0,31.019800186157227
2017-12-08,34.7400016784668,34.060001373291016,34.130001068115234,34.2400016784668,738500.0,31.24795150756836
2017-12-11,35.279998779296875,34.43000030517578,34.43000030517578,35.189998626708984,1331000.0,32.114933013916016
2017-12-12,35.529998779296875,35.06999969482422,35.119998931884766,35.22999954223633,827200.0,32.15144348144531
2017-12-13,35.959999084472656,35.180999755859375,35.310001373291016,35.81999969482422,1609700.0,32.68988037109375
2017-12-14,36.58000183105469,35.45000076293945,35.900001525878906,35.5099983215332,1043100.0,32.40696716308594
2017-12-15,36.04999923706055,35.38999938964844,35.599998474121094,35.5,1395900.0,32.39784622192383
2017-12-18,36.459999084472656,35.72999954223633,35.93000030517578,36.31999969482422,943400.0,33.14618682861328
2017-12-19,36.4900016784668,36.06999969482422,36.400001525878906,36.400001525878906,636400.0,33.21919631958008
2017-12-20,37.36000061035156,36.64500045776367,36.81999969482422,37.15999984741211,1393000.0,33.912784576416016
2017-12-21,38.04999923706055,37.15999984741211,37.15999984741211,38.0,1609700.0,34.679386138916016
2017-12-22,38.540000915527344,37.90999984741211,38.0,38.45000076293945,925200.0,35.09006118774414
2017-12-26,39.150001525878906,38.448001861572266,38.630001068115234,39.09000015258789,908100.0,35.674129486083984
2017-12-27,39.150001525878906,38.68000030517578,39.11000061035156,38.709999084472656,560200.0,35.32734298706055
2017-12-28,39.689998626708984,38.84000015258789,38.84000015258789,39.540000915527344,535200.0,36.084815979003906
2017-12-29,39.85900115966797,39.07500076293945,39.81999969482422,39.369998931884766,598700.0,35.929664611816406
2018-01-02,39.689998626708984,39.20000076293945,39.54999923706055,39.43000030517578,823200.0,35.98442840576172
2018-01-03,39.849998474121094,39.08000183105469,39.619998931884766,39.150001525878906,974100.0,35.72890090942383
2018-01-04,39.52000045776367,38.90999984741211,39.220001220703125,39.47999954223633,485600.0,36.030052185058594
2018-01-05,40.08000183105469,39.5099983215332,39.72999954223633,39.95000076293945,621700.0,36.458988189697266
2018-01-08,40.150001525878906,39.33000183105469,39.79999923706055,40.0,865600.0,36.50461196899414
2018-01-09,39.97999954223633,39.2599983215332,39.959999084472656,39.84000015258789,664000.0,36.35859298706055
2018-01-10,39.88999938964844,39.20000076293945,39.720001220703125,39.88999938964844,1006200.0,36.40422821044922
2018-01-11,40.80500030517578,39.959999084472656,40.060001373291016,40.29999923706055,1661600.0,36.77840042114258
2018-01-12,40.91999816894531,40.27000045776367,40.540000915527344,40.61000061035156,1313400.0,37.06130599975586
2018-01-16,40.86000061035156,39.529998779296875,40.779998779296875,39.58000183105469,1057000.0,36.12131881713867
2018-01-17,40.540000915527344,39.63999938964844,39.72999954223633,40.0,1261500.0,36.50461196899414
2018-01-18,40.13999938964844,39.599998474121094,39.86000061035156,39.790000915527344,773100.0,36.312965393066406
2018-01-19,40.189998626708984,39.619998931884766,39.619998931884766,39.9900016784668,1032500.0,36.495487213134766
2018-01-22,40.36000061035156,40.0,40.119998931884766,40.220001220703125,789400.0,36.705387115478516
2018-01-23,40.20000076293945,39.099998474121094,39.9900016784668,39.9900016784668,918900.0,36.495487213134766
2018-01-24,40.41999816894531,39.900001525878906,40.09000015258789,40.09000015258789,1539000.0,36.586753845214844
2018-01-25,40.790000915527344,40.18000030517578,40.41999816894531,40.310001373291016,700400.0,36.78752517700195
2018-01-26,41.09000015258789,40.349998474121094,40.380001068115234,40.90999984741211,596100.0,37.3350944519043
2018-01-29,41.130001068115234,40.720001220703125,40.83000183105469,40.81999969482422,419700.0,37.25296401977539
2018-01-30,40.7400016784668,39.88999938964844,40.7400016784668,40.41999816894531,687100.0,36.887908935546875
2018-01-31,40.5099983215332,39.720001220703125,40.11000061035156,40.40999984741211,687100.0,36.8787841796875
2018-02-01,41.16999816894531,39.525001525878906,40.22999954223633,40.86000061035156,1084000.0,37.289466857910156
2018-02-02,40.790000915527344,39.630001068115234,40.650001525878906,40.04999923706055,1266000.0,36.55024337768555
2018-02-05,40.56999969482422,38.56999969482422,39.66999816894531,38.9900016784668,1067800.0,35.5828742980957
2018-02-06,40.599998474121094,37.97999954223633,38.310001373291016,40.540000915527344,2434200.0,36.997432708740234
2018-02-07,41.0,39.369998931884766,40.599998474121094,40.310001373291016,2123100.0,36.78752517700195
2018-02-08,40.79999923706055,37.58000183105469,40.0,37.61000061035156,1977800.0,34.32345962524414
2018-02-09,38.79999923706055,37.47999954223633,37.83000183105469,38.209999084472656,2207000.0,34.87102508544922
2018-02-12,39.2599983215332,37.98899841308594,38.4900016784668,38.7400016784668,1141800.0,35.35471725463867
2018-02-13,40.040000915527344,38.349998474121094,38.560001373291016,39.939998626708984,1469100.0,36.44985580444336
2018-02-14,41.47999954223633,39.47999954223633,39.47999954223633,41.349998474121094,2294500.0,37.73664093017578
2018-02-15,41.97999954223633,40.63999938964844,41.5,41.43000030517578,1586700.0,37.91510009765625
2018-02-16,41.59000015258789,40.540000915527344,41.18000030517578,40.54999923706055,698900.0,37.10975646972656
2018-02-20,40.560001373291016,39.86000061035156,40.52000045776367,39.880001068115234,1051600.0,36.496604919433594
2018-02-21,41.04999923706055,39.70000076293945,39.959999084472656,39.720001220703125,1152400.0,36.35017776489258
2018-02-22,40.47999954223633,39.349998474121094,39.90999984741211,39.77000045776367,1358300.0,36.39593505859375
2018-02-23,41.099998474121094,40.099998474121094,40.099998474121094,40.91999816894531,1852700.0,37.44837188720703
2018-02-26,41.939998626708984,41.119998931884766,41.209999084472656,41.369998931884766,1174400.0,37.860191345214844
2018-02-27,41.599998474121094,40.630001068115234,41.279998779296875,41.11000061035156,1034900.0,37.62225341796875
2018-02-28,41.5,40.68000030517578,41.22999954223633,40.709999084472656,1553500.0,37.256187438964844
2018-03-01,41.5,40.36000061035156,40.79999923706055,40.90999984741211,920500.0,37.4392204284668
2018-03-02,41.349998474121094,40.33000183105469,40.7400016784668,41.27000045776367,761600.0,37.768680572509766
2018-03-05,41.279998779296875,40.63999938964844,41.08000183105469,40.66999816894531,917900.0,37.219581604003906
2018-03-06,41.369998931884766,40.689998626708984,40.84000015258789,41.099998474121094,1222800.0,37.61309814453125
2018-03-07,41.279998779296875,40.56999969482422,40.68000030517578,40.9900016784668,1075900.0,37.51243591308594
2018-03-08,41.29999923706055,39.81999969482422,41.02000045776367,39.970001220703125,1011700.0,36.5789680480957
2018-03-09,40.22999954223633,38.18000030517578,40.0099983215332,38.5099983215332,1672600.0,35.242828369140625
2018-03-12,38.720001220703125,38.18000030517578,38.5,38.40999984741211,1432200.0,35.15131378173828
2018-03-13,39.72999954223633,38.279998779296875,38.47999954223633,39.220001220703125,1283700.0,35.892601013183594
2018-03-14,39.689998626708984,39.18000030517578,39.41999816894531,39.36000061035156,979100.0,36.020721435546875
2018-03-15,40.0,39.529998779296875,39.529998779296875,39.849998474121094,1123600.0,36.46915054321289
2018-03-16,40.459999084472656,39.900001525878906,40.06999969482422,40.13999938964844,1444300.0,36.73455047607422
2018-03-19,40.15999984741211,38.47999954223633,40.0099983215332,38.619998931884766,1259500.0,35.343505859375
2018-03-20,39.90999984741211,38.66999816894531,38.7599983215332,39.83000183105469,1246100.0,36.45084762573242
2018-03-21,40.529998779296875,39.65999984741211,39.959999084472656,39.959999084472656,998300.0,36.56981658935547
2018-03-22,39.7599983215332,38.220001220703125,39.5,38.2599983215332,957700.0,35.014041900634766
2018-03-23,38.869998931884766,37.83000183105469,38.2599983215332,37.88999938964844,1094400.0,34.67543029785156
2018-03-26,39.83000183105469,38.099998474121094,38.290000915527344,38.77000045776367,1395700.0,35.480770111083984
2018-03-27,38.900001525878906,37.02000045776367,38.72999954223633,37.2400016784668,1142200.0,34.08058166503906
2018-03-28,37.33000183105469,36.25,37.2400016784668,36.47999954223633,953900.0,33.38505935668945
2018-03-29,36.959999084472656,36.29999923706055,36.47999954223633,36.5,1053300.0,33.403358459472656
2018-04-02,37.09000015258789,36.27000045776367,36.29999923706055,36.970001220703125,964000.0,33.8334846496582
2018-04-03,38.040000915527344,37.2400016784668,37.29999923706055,37.77000045776367,775700.0,34.565616607666016
2018-04-04,37.4900016784668,36.63999938964844,37.150001525878906,37.16999816894531,793400.0,34.01652145385742
2018-04-05,37.720001220703125,36.43000030517578,36.900001525878906,36.47999954223633,979300.0,33.38505935668945
2018-04-06,36.86000061035156,35.560001373291016,36.20000076293945,35.869998931884766,1116400.0,32.826805114746094
2018-04-09,36.34000015258789,35.540000915527344,35.7400016784668,36.130001068115234,2374800.0,33.064754486083984
2018-04-10,37.18000030517578,36.279998779296875,36.599998474121094,37.06999969482422,1537200.0,33.92499923706055
2018-04-11,37.40999984741211,36.38999938964844,37.060001373291016,36.400001525878906,712600.0,33.31184387207031
2018-04-12,36.93000030517578,36.470001220703125,36.470001220703125,36.630001068115234,455100.0,33.52233123779297
2018-04-13,36.849998474121094,36.06999969482422,36.709999084472656,36.75,637900.0,33.63215255737305
2018-04-16,36.900001525878906,35.58000183105469,36.810001373291016,35.650001525878906,1103300.0,32.62547302246094
2018-04-17,36.54999923706055,35.755001068115234,35.86000061035156,36.4900016784668,917200.0,33.39421081542969
2018-04-18,37.970001220703125,36.7400016784668,36.7400016784668,37.290000915527344,1602800.0,34.1263427734375
2018-04-19,38.81999969482422,37.26499938964844,37.400001525878906,38.34000015258789,1696300.0,35.087257385253906
2018-04-20,38.7599983215332,37.90999984741211,38.13999938964844,38.540000915527344,911900.0,35.27029037475586
2018-04-23,38.76900100708008,37.529998779296875,38.41999816894531,38.27000045776367,997900.0,35.023197174072266
2018-04-24,38.516998291015625,37.630001068115234,38.29999923706055,37.9900016784668,1653600.0,34.76694869995117
2018-04-25,38.93000030517578,36.470001220703125,37.709999084472656,37.84000015258789,2200700.0,34.629676818847656
2018-04-26,38.125,36.22999954223633,37.849998474121094,36.79999923706055,1767400.0,33.67790985107422
2018-04-27,37.130001068115234,35.52000045776367,36.619998931884766,36.13999938964844,1431800.0,33.07390213012695
2018-04-30,37.540000915527344,35.900001525878906,36.02000045776367,36.849998474121094,1222400.0,33.72366714477539
2018-05-01,37.279998779296875,36.13999938964844,36.720001220703125,36.470001220703125,1199400.0,33.37590789794922
2018-05-02,37.650001525878906,36.59000015258789,36.59000015258789,37.099998474121094,1139900.0,33.95245361328125
2018-05-03,37.70000076293945,36.95000076293945,37.130001068115234,37.279998779296875,1050000.0,34.117183685302734
2018-05-04,38.400001525878906,37.15999984741211,37.31999969482422,37.869998931884766,992300.0,34.65713119506836
2018-05-07,38.779998779296875,37.970001220703125,38.02000045776367,38.0,740300.0,34.77610397338867
2018-05-08,38.0,37.08000183105469,37.959999084472656,37.22999954223633,811500.0,34.07142639160156
2018-05-09,38.130001068115234,37.34000015258789,37.400001525878906,37.619998931884766,996500.0,34.428340911865234
2018-05-10,38.34000015258789,37.720001220703125,37.810001373291016,38.060001373291016,683400.0,34.831016540527344
2018-05-11,38.959999084472656,38.209999084472656,38.209999084472656,38.75,671100.0,35.46247482299805
2018-05-14,40.2400016784668,38.84000015258789,38.84000015258789,39.91999816894531,1076500.0,36.53321075439453
2018-05-15,40.25,39.220001220703125,39.779998779296875,40.08000183105469,927900.0,36.67963790893555
2018-05-16,41.400001525878906,40.20000076293945,40.29999923706055,41.310001373291016,1637600.0,37.80528259277344
2018-05-17,42.65999984741211,41.31999969482422,41.31999969482422,42.11000061035156,1412500.0,38.537410736083984
2018-05-18,42.25,41.33000183105469,42.16999816894531,41.63999938964844,864200.0,38.211639404296875
2018-05-21,42.27000045776367,41.04999923706055,41.63999938964844,42.22999954223633,833300.0,38.75306701660156
2018-05-22,42.77000045776367,40.90999984741211,42.119998931884766,40.95000076293945,927500.0,37.578453063964844
2018-05-23,41.279998779296875,40.099998474121094,40.40999984741211,41.2599983215332,957300.0,37.8629264831543
2018-05-24,41.83000183105469,40.77000045776367,41.04999923706055,41.459999084472656,652100.0,38.04645919799805
2018-05-25,41.52000045776367,40.970001220703125,41.099998474121094,41.459999084472656,646600.0,38.04645919799805
2018-05-29,42.130001068115234,41.150001525878906,41.150001525878906,41.790000915527344,935500.0,38.34928894042969
2018-05-30,43.7599983215332,41.86000061035156,42.18000030517578,43.11000061035156,1409600.0,39.56061553955078
2018-05-31,43.75,42.95000076293945,43.13999938964844,43.27000045776367,1040900.0,39.70743942260742
2018-06-01,46.22999954223633,43.4900016784668,43.4900016784668,45.349998474121094,1975500.0,41.616188049316406
2018-06-04,46.05500030517578,44.5,45.70000076293945,45.470001220703125,1430600.0,41.7263069152832
2018-06-05,46.88999938964844,45.4900016784668,45.4900016784668,46.65999984741211,1960300.0,42.81833267211914
2018-06-06,47.84000015258789,46.209999084472656,47.16999816894531,46.79999923706055,2055700.0,42.946800231933594
2018-06-07,47.56999969482422,46.36000061035156,47.099998474121094,46.880001068115234,1193600.0,43.02021789550781
2018-06-08,47.56999969482422,46.41999816894531,47.0,46.86000061035156,863000.0,43.001861572265625
2018-06-11,47.310001373291016,46.400001525878906,46.709999084472656,46.54999923706055,796900.0,42.717384338378906
2018-06-12,46.84000015258789,46.119998931884766,46.599998474121094,46.40999984741211,659400.0,42.58890914916992
2018-06-13,46.66999816894531,45.810001373291016,46.380001068115234,45.849998474121094,822200.0,42.07501983642578
2018-06-14,47.52000045776367,45.91999816894531,46.119998931884766,47.459999084472656,1445800.0,43.55246353149414
2018-06-15,47.20000076293945,45.599998474121094,47.04999923706055,46.81999969482422,2210100.0,42.96514892578125
2018-06-18,47.06999969482422,46.130001068115234,46.61000061035156,46.63999938964844,956900.0,42.79997253417969
2018-06-19,46.75,45.290000915527344,46.20000076293945,46.13999938964844,1066200.0,42.34114074707031
2018-06-20,46.439998626708984,45.439998626708984,46.29999923706055,46.29999923706055,1020600.0,42.48796844482422
2018-06-21,46.61000061035156,45.459999084472656,46.45000076293945,45.66999816894531,1067500.0,41.90983581542969
2018-06-22,46.7599983215332,45.81999969482422,46.58000183105469,46.0,2529900.0,42.21266555786133
2018-06-25,45.97999954223633,44.290000915527344,45.650001525878906,44.61000061035156,1074500.0,40.937110900878906
2018-06-26,45.540000915527344,44.41999816894531,45.029998779296875,45.09000015258789,918800.0,41.37759017944336
2018-06-27,46.119998931884766,44.810001373291016,45.380001068115234,44.84000015258789,1014300.0,41.14817428588867
2018-06-28,44.88999938964844,44.189998626708984,44.61000061035156,44.5,791300.0,40.83616638183594
2018-06-29,45.72999954223633,45.029998779296875,45.189998626708984,45.47999954223633,1046100.0,41.735477447509766
2018-07-02,45.86000061035156,44.75,45.119998931884766,45.130001068115234,1053900.0,41.41429901123047
2018-07-03,46.2400016784668,44.63999938964844,45.470001220703125,44.88999938964844,482700.0,41.19405746459961
2018-07-05,45.79999923706055,44.72999954223633,45.29999923706055,44.88999938964844,738900.0,41.19405746459961
2018-07-06,45.4900016784668,44.45000076293945,44.70000076293945,45.279998779296875,976100.0,41.55194091796875
2018-07-09,46.09000015258789,45.060001373291016,45.470001220703125,45.459999084472656,679600.0,41.71712875366211
2018-07-10,46.27000045776367,45.59000015258789,45.59000015258789,45.900001525878906,640300.0,42.12090301513672
2018-07-11,45.79999923706055,43.9900016784668,45.150001525878906,44.290000915527344,900300.0,40.64345932006836
2018-07-12,44.900001525878906,43.75,44.5,44.33000183105469,671400.0,40.6801643371582
2018-07-13,44.68000030517578,43.7400016784668,44.06999969482422,43.810001373291016,621200.0,40.202980041503906
2018-07-16,44.060001373291016,43.034000396728516,43.70000076293945,43.86000061035156,993900.0,40.24885940551758
2018-07-17,44.20000076293945,43.27000045776367,43.54999923706055,43.97999954223633,1174200.0,40.35898208618164
2018-07-18,44.849998474121094,43.810001373291016,44.0099983215332,44.720001220703125,640600.0,41.03805923461914
2018-07-19,45.2400016784668,43.86000061035156,44.529998779296875,44.09000015258789,1068400.0,40.459922790527344
2018-07-20,44.63999938964844,43.9900016784668,44.119998931884766,44.34000015258789,894300.0,40.6893424987793
2018-07-23,44.349998474121094,43.25,44.349998474121094,43.41999816894531,1889900.0,39.8450813293457
2018-07-24,44.68000030517578,41.599998474121094,44.09000015258789,43.5,2385100.0,39.91850280761719
2018-07-25,44.77199935913086,42.790000915527344,44.189998626708984,43.20000076293945,1119300.0,39.64320373535156
2018-07-26,44.400001525878906,42.93000030517578,43.04999923706055,44.040000915527344,1157700.0,40.41404342651367
2018-07-27,44.220001220703125,43.3650016784668,43.84000015258789,43.90999984741211,920500.0,40.29474639892578
2018-07-30,43.915000915527344,42.02000045776367,43.86000061035156,42.459999084472656,1646100.0,38.96412658691406
2018-07-31,42.93000030517578,41.689998626708984,42.619998931884766,42.4900016784668,1023000.0,38.991661071777344
2018-08-01,42.79999923706055,41.95000076293945,42.130001068115234,42.540000915527344,805000.0,39.15272521972656
2018-08-02,43.31999969482422,41.880001068115234,41.959999084472656,43.25,627500.0,39.80618667602539
2018-08-03,43.20000076293945,41.900001525878906,43.02000045776367,43.029998779296875,538500.0,39.603702545166016
2018-08-06,43.349998474121094,42.63999938964844,43.09000015258789,43.029998779296875,978600.0,39.603702545166016
2018-08-07,44.029998779296875,43.06999969482422,43.349998474121094,43.2400016784668,759400.0,39.7969856262207
2018-08-08,43.97999954223633,43.22999954223633,43.33000183105469,43.88999938964844,639100.0,40.39522933959961
2018-08-09,43.939998626708984,43.209999084472656,43.77000045776367,43.560001373291016,665600.0,40.09150695800781
2018-08-10,43.689998626708984,42.650001525878906,43.2400016784668,43.369998931884766,371500.0,39.91663360595703
2018-08-13,43.470001220703125,42.279998779296875,43.369998931884766,42.540000915527344,453300.0,39.15272521972656
2018-08-14,42.79999923706055,42.150001525878906,42.790000915527344,42.41999816894531,851200.0,39.04227828979492
2018-08-15,42.14500045776367,40.470001220703125,42.06999969482422,40.70000076293945,1607800.0,37.45923614501953
2018-08-16,42.08000183105469,40.9900016784668,41.11000061035156,41.34000015258789,1527700.0,38.048274993896484
2018-08-17,41.959999084472656,41.09000015258789,41.189998626708984,41.70000076293945,1120200.0,38.37961196899414
2018-08-20,42.25,41.779998779296875,42.0099983215332,42.0,847400.0,38.65571975708008
2018-08-21,43.369998931884766,42.16999816894531,42.16999816894531,42.880001068115234,992400.0,39.46565628051758
2018-08-22,43.279998779296875,42.66999816894531,43.0,42.81999969482422,629000.0,39.41042709350586
2018-08-23,42.97999954223633,41.63999938964844,42.75,42.150001525878906,612000.0,38.79378128051758
2018-08-24,42.48500061035156,41.72999954223633,42.40999984741211,41.97999954223633,329300.0,38.63731384277344
2018-08-27,42.4900016784668,41.939998626708984,42.040000915527344,42.0,681300.0,38.65571975708008
2018-08-28,42.18000030517578,41.529998779296875,42.0,41.720001220703125,578100.0,38.39801788330078
2018-08-29,41.939998626708984,40.86000061035156,41.7400016784668,41.279998779296875,1035500.0,37.99304962158203
2018-08-30,41.29999923706055,40.40999984741211,41.13999938964844,40.77000045776367,739700.0,37.52366256713867
2018-08-31,41.36000061035156,40.36000061035156,40.709999084472656,41.310001373291016,656300.0,38.02066421508789
2018-09-04,41.880001068115234,41.0,41.11000061035156,41.31999969482422,534900.0,38.029869079589844
2018-09-05,42.060001373291016,40.93000030517578,41.27000045776367,41.81999969482422,927500.0,38.490055084228516
2018-09-06,43.029998779296875,41.720001220703125,41.720001220703125,42.33000183105469,1642100.0,38.959449768066406
2018-09-07,42.72999954223633,41.7400016784668,42.06999969482422,42.560001373291016,1182100.0,39.1711311340332
2018-09-10,43.40999984741211,42.47999954223633,42.650001525878906,42.52000045776367,677800.0,39.13431167602539
2018-09-11,43.61000061035156,42.5,42.630001068115234,43.2599983215332,952500.0,39.815391540527344
2018-09-12,44.2400016784668,43.27000045776367,43.56999969482422,44.08000183105469,877300.0,40.570098876953125
2018-09-13,44.709999084472656,43.66999816894531,44.2400016784668,43.86000061035156,1388200.0,40.367618560791016
2018-09-14,44.09000015258789,43.380001068115234,43.810001373291016,43.7599983215332,1180000.0,40.275577545166016
2018-09-17,43.86000061035156,42.20000076293945,43.86000061035156,42.349998474121094,1135600.0,38.97785186767578
2018-09-18,43.474998474121094,42.400001525878906,42.400001525878906,42.9900016784668,869400.0,39.56689453125
2018-09-19,44.13999938964844,42.63999938964844,43.7400016784668,43.130001068115234,1071600.0,39.69574737548828
2018-09-20,43.68000030517578,41.2599983215332,43.47999954223633,41.84000015258789,1520000.0,38.508460998535156
2018-09-21,42.790000915527344,41.529998779296875,42.25,42.0099983215332,2278500.0,38.664920806884766
2018-09-24,42.529998779296875,41.720001220703125,42.189998626708984,42.119998931884766,736900.0,38.76616668701172
2018-09-25,42.540000915527344,41.86000061035156,42.18000030517578,42.349998474121094,716000.0,38.97785186767578
2018-09-26,42.33000183105469,41.7599983215332,42.2400016784668,41.93000030517578,840400.0,38.59128952026367
2018-09-27,42.119998931884766,40.90999984741211,41.970001220703125,41.18000030517578,902600.0,37.90101623535156
2018-09-28,40.91999816894531,35.099998474121094,40.86000061035156,35.63999938964844,5905100.0,32.8021354675293
2018-10-01,36.650001525878906,35.56999969482422,35.63999938964844,35.619998931884766,1807600.0,32.78373336791992
2018-10-02,36.209999084472656,35.040000915527344,35.349998474121094,35.90999984741211,1133700.0,33.05064010620117
2018-10-03,37.040000915527344,35.40999984741211,35.599998474121094,36.04999923706055,1362500.0,33.17949295043945
2018-10-04,36.119998931884766,35.0,36.04999923706055,35.5,940200.0,32.67328643798828
2018-10-05,36.42499923706055,35.349998474121094,35.470001220703125,36.29999923706055,623300.0,33.40958786010742
2018-10-08,36.9900016784668,35.970001220703125,36.279998779296875,36.7400016784668,789700.0,33.81455612182617
2018-10-09,36.720001220703125,35.33000183105469,36.650001525878906,35.689998626708984,940400.0,32.8481559753418
2018-10-10,35.79999923706055,34.150001525878906,35.720001220703125,34.18000030517578,768000.0,31.45839500427246
2018-10-11,35.459999084472656,33.77000045776367,33.779998779296875,35.11000061035156,1092400.0,32.31433868408203
2018-10-12,35.689998626708984,34.310001373291016,35.63999938964844,35.040000915527344,813700.0,32.24991226196289
2018-10-15,35.77000045776367,34.95000076293945,35.0,35.220001220703125,540600.0,32.415584564208984
2018-10-16,36.45000076293945,35.06999969482422,35.380001068115234,36.38999938964844,573900.0,33.49242401123047
2018-10-17,36.599998474121094,35.81999969482422,36.279998779296875,36.099998474121094,565100.0,33.22550964355469
2018-10-18,36.470001220703125,35.619998931884766,35.97999954223633,35.86000061035156,661300.0,33.00462341308594
2018-10-19,36.220001220703125,35.470001220703125,35.77000045776367,35.560001373291016,353100.0,32.72850799560547
2018-10-22,35.95000076293945,35.224998474121094,35.65999984741211,35.70000076293945,396600.0,32.85736083984375
2018-10-23,35.91999816894531,34.709999084472656,35.06999969482422,35.61000061035156,435000.0,32.77452850341797
2018-10-24,35.959999084472656,33.959999084472656,35.83000183105469,34.029998779296875,621600.0,31.320335388183594
2018-10-25,35.439998626708984,34.06999969482422,34.310001373291016,35.130001068115234,697700.0,32.33275604248047
2018-10-26,35.3650016784668,34.209999084472656,34.65999984741211,35.0,942900.0,32.21310043334961
2018-10-29,35.540000915527344,33.7599983215332,35.369998931884766,33.900001525878906,1255700.0,31.20069122314453
2018-10-30,35.81999969482422,34.310001373291016,35.5,35.060001373291016,1574100.0,32.392539978027344
2018-10-31,35.97999954223633,35.0,35.04999923706055,35.45000076293945,1269300.0,32.75286865234375
2018-11-01,35.55500030517578,33.959999084472656,35.369998931884766,34.150001525878906,1586300.0,31.551776885986328
2018-11-02,34.93000030517578,34.060001373291016,34.43000030517578,34.47999954223633,980600.0,31.856666564941406
2018-11-05,35.36000061035156,34.540000915527344,34.650001525878906,34.849998474121094,651600.0,32.19852066040039
2018-11-06,35.599998474121094,34.72999954223633,34.72999954223633,35.29999923706055,891700.0,32.61428451538086
2018-11-07,36.047000885009766,35.34000015258789,35.70000076293945,35.81999969482422,813100.0,33.0947151184082
2018-11-08,36.1349983215332,35.439998626708984,35.90999984741211,35.7400016784668,527000.0,33.02080535888672
2018-11-09,35.560001373291016,34.849998474121094,35.369998931884766,35.220001220703125,637800.0,32.54037094116211
2018-11-12,35.86000061035156,35.150001525878906,35.38999938964844,35.41999816894531,516800.0,32.72515106201172
2018-11-13,36.709999084472656,35.599998474121094,35.65999984741211,36.29999923706055,796300.0,33.53820037841797
2018-11-14,37.119998931884766,35.43000030517578,36.68000030517578,35.70000076293945,787100.0,32.983848571777344
2018-11-15,35.91999816894531,35.0099983215332,35.52000045776367,35.2400016784668,1239900.0,32.55884552001953
2018-11-16,35.470001220703125,34.810001373291016,35.209999084472656,35.279998779296875,1361100.0,32.595802307128906
2018-11-19,35.56999969482422,34.22999954223633,35.31999969482422,34.459999084472656,732800.0,31.83818817138672
2018-11-20,34.06999969482422,31.959999084472656,34.06999969482422,32.11000061035156,4660100.0,29.66698455810547
2018-11-21,32.63999938964844,31.940000534057617,32.2400016784668,32.310001373291016,828500.0,29.851768493652344
2018-11-23,31.799999237060547,30.579999923706055,31.799999237060547,31.190000534057617,567300.0,28.81698226928711
2018-11-26,31.329999923706055,29.959999084472656,31.31999969482422,30.239999771118164,1403800.0,27.939260482788086
2018-11-27,30.950000762939453,29.65999984741211,30.190000534057617,30.09000015258789,1518900.0,27.80067253112793
2018-11-28,31.520000457763672,30.079999923706055,30.079999923706055,31.40999984741211,1192400.0,29.020244598388672
2018-11-29,31.950000762939453,31.1200008392334,31.459999084472656,31.149999618530273,1041700.0,28.780025482177734
2018-11-30,31.389999389648438,30.600000381469727,31.0,31.139999389648438,1380800.0,28.770784378051758
2018-12-03,33.18000030517578,31.200000762939453,31.809999465942383,32.88999938964844,1266000.0,30.38763999938965
2018-12-04,33.529998779296875,32.474998474121094,32.86000061035156,32.709999084472656,1694400.0,30.221332550048828
2018-12-06,32.189998626708984,29.889999389648438,32.189998626708984,30.670000076293945,1667400.0,28.336544036865234
2018-12-07,31.709999084472656,30.860000610351562,31.020000457763672,30.969999313354492,1391300.0,28.613719940185547
2018-12-10,31.299999237060547,29.770000457763672,30.770000457763672,31.18000030517578,1733700.0,28.807741165161133
2018-12-11,31.809999465942383,30.68000030517578,31.700000762939453,31.239999771118164,1047300.0,28.863176345825195
2018-12-12,32.439998626708984,31.40999984741211,31.670000076293945,31.600000381469727,968100.0,29.195789337158203
2018-12-13,32.61000061035156,31.530000686645508,31.799999237060547,32.4900016784668,798700.0,30.018077850341797
2018-12-14,32.709999084472656,30.459999084472656,32.130001068115234,30.479999542236328,1123500.0,28.160999298095703
2018-12-17,32.02000045776367,30.020000457763672,30.5,31.25,1507400.0,28.87241554260254
2018-12-18,31.559999465942383,30.850000381469727,31.170000076293945,31.139999389648438,1027000.0,28.770784378051758
2018-12-19,31.989999771118164,30.952999114990234,31.329999923706055,31.100000381469727,1243100.0,28.733829498291016
2018-12-20,31.25,30.1299991607666,31.010000228881836,30.420000076293945,936400.0,28.10556411743164
2018-12-21,30.81999969482422,29.920000076293945,30.270000457763672,29.920000076293945,1516000.0,27.643606185913086
2018-12-24,30.170000076293945,29.639999389648438,29.690000534057617,29.65999984741211,444100.0,27.40338706970215
2018-12-26,30.6200008392334,29.079999923706055,29.719999313354492,30.59000015258789,550100.0,28.262632369995117
2018-12-27,30.530000686645508,29.510000228881836,29.90999984741211,30.520000457763672,620300.0,28.197956085205078
2018-12-28,30.799999237060547,29.90999984741211,30.709999084472656,30.479999542236328,534400.0,28.160999298095703
2018-12-31,30.860000610351562,30.100000381469727,30.6200008392334,30.479999542236328,582900.0,28.160999298095703
2019-01-02,31.350000381469727,29.8700008392334,30.0,31.149999618530273,695600.0,28.780025482177734
2019-01-03,31.190000534057617,30.329999923706055,31.190000534057617,30.43000030517578,664400.0,28.114803314208984
2019-01-04,31.989999771118164,30.8799991607666,31.0,31.479999542236328,1155100.0,29.084917068481445
2019-01-07,32.41999816894531,30.399999618530273,31.559999465942383,30.479999542236328,1492700.0,28.160999298095703
2019-01-08,31.270000457763672,30.25,30.690000534057617,31.229999542236328,1410900.0,28.85393714904785
2019-01-09,32.15999984741211,31.4060001373291,31.670000076293945,31.75,880200.0,29.334375381469727
2019-01-10,32.060001373291016,31.0,31.5,31.989999771118164,717400.0,29.556116104125977
2019-01-11,32.2599983215332,31.65999984741211,31.719999313354492,31.920000076293945,640900.0,29.49144172668457
2019-01-14,32.41999816894531,31.510000228881836,31.709999084472656,32.290000915527344,614300.0,29.833293914794922
2019-01-15,32.650001525878906,31.399999618530273,32.400001525878906,31.540000915527344,679900.0,29.140352249145508
2019-01-16,32.77000045776367,31.8799991607666,31.8799991607666,32.59000015258789,753700.0,30.110464096069336
2019-01-17,34.150001525878906,32.45000076293945,32.45000076293945,34.13999938964844,908700.0,31.54253578186035
2019-01-18,34.880001068115234,33.939998626708984,34.310001373291016,34.68000030517578,802400.0,32.041446685791016
2019-01-22,34.56999969482422,33.7400016784668,34.5099983215332,34.08000183105469,598400.0,31.487102508544922
2019-01-23,34.790000915527344,34.27000045776367,34.38999938964844,34.5,975500.0,31.87514877319336
2019-01-24,35.130001068115234,34.400001525878906,34.59000015258789,34.970001220703125,638900.0,32.309391021728516
2019-01-25,35.849998474121094,35.224998474121094,35.38999938964844,35.439998626708984,594200.0,32.74362564086914
2019-01-28,35.834999084472656,34.939998626708984,35.2599983215332,35.68000030517578,493200.0,32.965370178222656
2019-01-29,36.0,35.29999923706055,35.97999954223633,35.29999923706055,662600.0,32.61428451538086
2019-01-30,36.29999923706055,35.34000015258789,35.720001220703125,36.189998626708984,913900.0,33.436561584472656
2019-01-31,36.529998779296875,35.5099983215332,36.34000015258789,35.70000076293945,683700.0,32.983848571777344
2019-02-01,36.060001373291016,35.56999969482422,35.720001220703125,35.77000045776367,554500.0,33.04852294921875
2019-02-04,36.29999923706055,35.2599983215332,35.56999969482422,35.47999954223633,767700.0,32.78058624267578
2019-02-05,35.88999938964844,35.5,35.54999923706055,35.849998474121094,901400.0,33.1224365234375
2019-02-06,37.369998931884766,31.350000381469727,37.369998931884766,32.04999923706055,2333900.0,29.611549377441406
2019-02-07,32.150001525878906,30.68000030517578,31.860000610351562,30.889999389648438,1298600.0,28.539806365966797
2019-02-08,30.80299949645996,29.399999618530273,30.700000762939453,29.729999542236328,1538700.0,27.468061447143555
2019-02-11,29.84600067138672,29.209999084472656,29.649999618530273,29.639999389648438,972600.0,27.38490867614746
2019-02-12,30.3700008392334,29.600000381469727,29.8799991607666,30.34000015258789,831800.0,28.031652450561523
2019-02-13,31.239999771118164,30.040000915527344,30.350000381469727,31.09000015258789,1102900.0,28.724590301513672
2019-02-14,31.6200008392334,30.57699966430664,31.049999237060547,30.860000610351562,895500.0,28.512086868286133
2019-02-15,31.520000457763672,30.770000457763672,31.149999618530273,31.170000076293945,503600.0,28.798503875732422
2019-02-19,31.459999084472656,30.8700008392334,30.8700008392334,31.110000610351562,727200.0,28.863447189331055
2019-02-20,31.3700008392334,30.719999313354492,31.06999969482422,31.040000915527344,758500.0,28.79850196838379
2019-02-21,30.969999313354492,29.729999542236328,30.829999923706055,29.799999237060547,1144000.0,27.648046493530273
2019-02-22,31.219999313354492,30.219999313354492,30.219999313354492,31.010000228881836,479400.0,28.770668029785156
2019-02-25,30.93000030517578,30.389999389648438,30.920000076293945,30.600000381469727,458700.0,28.390275955200195
2019-02-26,31.020000457763672,30.25,30.540000915527344,30.530000686645508,678900.0,28.325332641601562
2019-02-27,32.099998474121094,31.110000610351562,31.290000915527344,31.850000381469727,897300.0,29.550010681152344
2019-02-28,31.850000381469727,30.75,31.850000381469727,30.850000381469727,1133100.0,28.622222900390625
2019-03-01,32.220001220703125,30.90999984741211,30.969999313354492,32.209999084472656,872200.0,29.88401222229004
2019-03-04,32.25,30.829999923706055,32.220001220703125,31.239999771118164,786200.0,28.984058380126953
2019-03-05,32.06999969482422,31.3700008392334,31.3799991607666,31.809999465942383,546700.0,29.51289939880371
2019-03-06,31.90999984741211,31.40999984741211,31.700000762939453,31.600000381469727,852000.0,29.318063735961914
2019-03-07,31.90999984741211,31.299999237060547,31.670000076293945,31.450000762939453,896400.0,29.178895950317383
2019-03-08,31.399999618530273,30.3700008392334,31.399999618530273,30.649999618530273,1011800.0,28.43666648864746
2019-03-11,29.209999084472656,28.06999969482422,28.799999237060547,28.950000762939453,814800.0,28.584774017333984
2019-03-12,29.15999984741211,28.65999984741211,28.969999313354492,29.15999984741211,656800.0,28.79212188720703
2019-03-13,29.84000015258789,29.209999084472656,29.420000076293945,29.540000915527344,998600.0,29.167329788208008
2019-03-14,29.56999969482422,28.825000762939453,29.459999084472656,28.950000762939453,1032300.0,28.584774017333984
2019-03-15,29.719999313354492,28.809999465942383,29.1299991607666,29.43000030517578,1525400.0,29.058717727661133
2019-03-18,29.959999084472656,29.530000686645508,29.6200008392334,29.899999618530273,680300.0,29.52278709411621
2019-03-19,30.270000457763672,29.850000381469727,30.229999542236328,29.989999771118164,657800.0,29.611652374267578
2019-03-20,30.020000457763672,29.399999618530273,29.950000762939453,29.59000015258789,899500.0,29.216699600219727
2019-03-21,30.489999771118164,29.510000228881836,29.510000228881836,30.010000228881836,593000.0,29.63140106201172
2019-03-22,30.010000228881836,28.889999389648438,29.760000228881836,28.950000762939453,684400.0,28.584774017333984
2019-03-25,29.100000381469727,28.40999984741211,28.950000762939453,28.43000030517578,622400.0,28.071332931518555
2019-03-26,28.899999618530273,27.989999771118164,28.709999084472656,28.3799991607666,979200.0,28.021963119506836
2019-03-27,28.510000228881836,28.059999465942383,28.229999542236328,28.149999618530273,766100.0,27.794864654541016
2019-03-28,28.520000457763672,27.8799991607666,28.1299991607666,28.360000610351562,669900.0,28.002216339111328
2019-03-29,28.854000091552734,28.290000915527344,28.809999465942383,28.329999923706055,874100.0,27.97259521484375
2019-04-01,29.190000534057617,28.610000610351562,28.75,28.670000076293945,607800.0,28.308305740356445
2019-04-02,28.690000534057617,28.0,28.670000076293945,28.110000610351562,833600.0,27.75537109375
2019-04-03,28.34000015258789,27.100000381469727,28.260000228881836,27.239999771118164,900000.0,26.896345138549805
2019-04-04,28.239999771118164,27.1200008392334,27.170000076293945,28.040000915527344,1131400.0,27.68625259399414
2019-04-05,28.100000381469727,27.649999618530273,28.010000228881836,27.989999771118164,855100.0,27.636884689331055
2019-04-08,28.239999771118164,27.850000381469727,27.899999618530273,28.079999923706055,451300.0,27.72574806213379
2019-04-09,27.90999984741211,27.469999313354492,27.8700008392334,27.530000686645508,1106600.0,27.182687759399414
2019-04-10,28.0,27.30500030517578,27.530000686645508,27.940000534057617,657900.0,27.587514877319336
2019-04-11,28.30500030517578,27.760000228881836,27.760000228881836,28.06999969482422,737500.0,27.71587371826172
2019-04-12,29.309999465942383,28.31999969482422,28.43000030517578,28.950000762939453,952500.0,28.584774017333984
2019-04-15,29.100000381469727,27.920000076293945,28.799999237060547,28.030000686645508,855600.0,27.676380157470703
2019-04-16,28.315000534057617,27.850000381469727,27.950000762939453,28.09000015258789,604900.0,27.73562240600586
2019-04-17,28.489999771118164,27.770000457763672,28.219999313354492,28.260000228881836,426000.0,27.90347671508789
2019-04-18,28.969999313354492,28.190000534057617,28.280000686645508,28.6200008392334,730200.0,28.258935928344727
2019-04-22,29.209999084472656,28.600000381469727,28.899999618530273,28.989999771118164,562200.0,28.624267578125
2019-04-23,29.954999923706055,28.93000030517578,28.950000762939453,29.760000228881836,682700.0,29.384553909301758
2019-04-24,29.940000534057617,29.274999618530273,29.670000076293945,29.850000381469727,921800.0,29.473419189453125
2019-04-25,29.940000534057617,29.329999923706055,29.68000030517578,29.399999618530273,804600.0,29.029094696044922
2019-04-26,30.3700008392334,29.360000610351562,29.360000610351562,30.360000610351562,658300.0,29.97698402404785
2019-04-29,30.540000915527344,29.889999389648438,30.190000534057617,29.899999618530273,888500.0,29.52278709411621
2019-04-30,30.09000015258789,28.729999542236328,29.989999771118164,28.770000457763672,1100700.0,28.40704345703125
2019-05-01,29.290000915527344,26.8799991607666,29.290000915527344,27.15999984741211,1456200.0,26.817354202270508
2019-05-02,27.920000076293945,26.610000610351562,27.200000762939453,27.59000015258789,1046300.0,27.24193000793457
2019-05-03,29.149999618530273,27.760000228881836,27.8700008392334,29.010000228881836,712800.0,28.64401626586914
2019-05-06,29.420000076293945,28.43000030517578,28.43000030517578,29.200000762939453,614800.0,28.831619262695312
2019-05-07,29.15999984741211,28.639999389648438,28.93000030517578,28.969999313354492,431500.0,28.604520797729492
2019-05-08,28.989999771118164,28.270000457763672,28.860000610351562,28.280000686645508,587000.0,27.92322540283203
2019-05-09,29.15999984741211,28.024999618530273,28.1299991607666,29.030000686645508,533100.0,28.66376495361328
2019-05-10,29.610000610351562,28.739999771118164,29.1200008392334,29.600000381469727,528500.0,29.226572036743164
2019-05-13,29.1299991607666,27.360000610351562,29.100000381469727,27.540000915527344,608500.0,27.19256019592285
2019-05-14,28.610000610351562,27.590999603271484,27.709999084472656,28.420000076293945,837200.0,28.061458587646484
2019-05-15,28.559999465942383,27.959999084472656,28.1299991607666,28.40999984741211,335900.0,28.051586151123047
2019-05-16,28.850000381469727,28.030000686645508,28.59000015258789,28.1200008392334,337100.0,27.765243530273438
2019-05-17,27.860000610351562,26.530000686645508,27.850000381469727,26.6200008392334,615900.0,26.284170150756836
2019-05-20,26.8799991607666,26.309999465942383,26.549999237060547,26.690000534057617,347800.0,26.35328483581543
2019-05-21,27.190000534057617,26.479999542236328,26.770000457763672,26.530000686645508,454600.0,26.333433151245117
2019-05-22,26.420000076293945,25.18000030517578,26.209999084472656,25.309999465942383,938800.0,25.12247085571289
2019-05-23,25.190000534057617,24.23699951171875,24.84000015258789,24.450000762939453,1329100.0,24.268844604492188
2019-05-24,25.139999389648438,24.520000457763672,24.739999771118164,25.0,698300.0,24.814767837524414
2019-05-28,25.31999969482422,24.790000915527344,25.030000686645508,24.8799991607666,868700.0,24.695655822753906
2019-05-29,24.65999984741211,24.09000015258789,24.290000915527344,24.479999542236328,1069400.0,24.298620223999023
2019-05-30,24.670000076293945,23.635000228881836,24.43000030517578,23.670000076293945,659000.0,23.4946231842041
2019-05-31,23.59000015258789,23.1200008392334,23.3700008392334,23.520000457763672,918200.0,23.345733642578125
2019-06-03,24.020000457763672,23.530000686645508,23.610000610351562,23.709999084472656,677200.0,23.534324645996094
2019-06-04,24.440000534057617,23.690000534057617,23.850000381469727,24.100000381469727,1141500.0,23.921436309814453
2019-06-05,24.0,23.170000076293945,23.959999084472656,23.40999984741211,495300.0,23.236549377441406
2019-06-06,23.719999313354492,23.100000381469727,23.3700008392334,23.229999542236328,462400.0,23.05788230895996
2019-06-07,23.56999969482422,23.010000228881836,23.239999771118164,23.459999084472656,348500.0,23.286176681518555
2019-06-10,23.81999969482422,23.420000076293945,23.520000457763672,23.6200008392334,457100.0,23.44499397277832
2019-06-11,24.045000076293945,23.34000015258789,23.81999969482422,23.3700008392334,535200.0,23.19684600830078
2019-06-12,23.709999084472656,22.489999771118164,23.030000686645508,22.520000457763672,416700.0,22.3531436920166
2019-06-13,22.950000762939453,22.190000534057617,22.93000030517578,22.260000228881836,775300.0,22.095069885253906
2019-06-14,22.229999542236328,21.639999389648438,22.15999984741211,21.739999771118164,451900.0,21.578922271728516
2019-06-17,22.190000534057617,21.420000076293945,21.690000534057617,22.139999389648438,1626100.0,21.9759578704834
2019-06-18,23.239999771118164,22.100000381469727,22.25,22.469999313354492,571800.0,22.303512573242188
2019-06-19,23.989999771118164,23.280000686645508,23.5,23.31999969482422,1260400.0,23.147214889526367
2019-06-20,23.950000762939453,23.420000076293945,23.600000381469727,23.510000228881836,790900.0,23.33580780029297
2019-06-21,24.219999313354492,23.43000030517578,23.43000030517578,23.809999465942383,1726700.0,23.63358497619629
2019-06-24,24.350000381469727,23.799999237060547,23.899999618530273,23.809999465942383,1091800.0,23.63358497619629
2019-06-25,23.860000610351562,22.780000686645508,23.860000610351562,22.799999237060547,681100.0,22.631067276000977
2019-06-26,23.5,22.93000030517578,22.989999771118164,23.0,665700.0,22.829586029052734
2019-06-27,23.239999771118164,22.790000915527344,23.110000610351562,22.950000762939453,770000.0,22.779958724975586
2019-06-28,24.110000610351562,22.989999771118164,23.059999465942383,24.100000381469727,1974100.0,23.921436309814453
2019-07-01,24.559999465942383,24.0,24.280000686645508,24.18000030517578,731900.0,24.000844955444336
2019-07-02,24.329999923706055,22.905000686645508,24.270000457763672,22.950000762939453,590600.0,22.779958724975586
2019-07-03,23.350000381469727,22.850000381469727,23.010000228881836,22.979999542236328,624100.0,22.809734344482422
2019-07-05,23.649999618530273,22.790000915527344,22.950000762939453,23.5,1173800.0,23.325881958007812
2019-07-08,24.25,23.459999084472656,23.459999084472656,23.75,635900.0,23.57402992248535
2019-07-09,23.6200008392334,22.299999237060547,23.5,22.920000076293945,797600.0,22.750179290771484
2019-07-10,23.43000030517578,23.0,23.06999969482422,23.200000762939453,874500.0,23.028104782104492
2019-07-11,23.190000534057617,22.3700008392334,23.190000534057617,22.959999084472656,802300.0,22.78988265991211
2019-07-12,23.489999771118164,22.8799991607666,22.8799991607666,23.239999771118164,710500.0,23.067808151245117
2019-07-15,23.520000457763672,22.920000076293945,23.34000015258789,23.0,491900.0,22.829586029052734
2019-07-16,23.3799991607666,22.56999969482422,22.780000686645508,22.979999542236328,909000.0,22.809734344482422
2019-07-17,23.149999618530273,22.479999542236328,23.010000228881836,22.850000381469727,637700.0,22.68069839477539
2019-07-18,22.899999618530273,22.520000457763672,22.610000610351562,22.610000610351562,591000.0,22.442476272583008
2019-07-19,22.899999618530273,22.530000686645508,22.530000686645508,22.739999771118164,765200.0,22.57151222229004
2019-07-22,23.3799991607666,22.690000534057617,22.690000534057617,23.010000228881836,966700.0,22.83951187133789
2019-07-23,23.6299991607666,23.059999465942383,23.290000915527344,23.440000534057617,825000.0,23.266326904296875
2019-07-24,23.729999542236328,23.235000610351562,23.239999771118164,23.579999923706055,559800.0,23.405288696289062
2019-07-25,23.709999084472656,22.6200008392334,23.549999237060547,22.649999618530273,550700.0,22.482179641723633
2019-07-26,22.920000076293945,22.520000457763672,22.65999984741211,22.780000686645508,588400.0,22.611217498779297
2019-07-29,22.989999771118164,21.989999771118164,22.809999465942383,22.040000915527344,622700.0,21.87670135498047
2019-07-30,22.540000915527344,21.43000030517578,21.799999237060547,22.1200008392334,1324700.0,21.95610809326172
2019-07-31,22.780000686645508,20.719999313354492,22.1200008392334,21.059999465942383,2338300.0,20.903959274291992
2019-08-01,20.920000076293945,17.850000381469727,20.809999465942383,18.610000610351562,2364700.0,18.47211456298828
2019-08-02,18.649999618530273,18.09000015258789,18.399999618530273,18.420000076293945,1482600.0,18.28352165222168
2019-08-05,18.290000915527344,17.65999984741211,17.829999923706055,18.049999237060547,1347200.0,17.916261672973633
2019-08-06,18.239999771118164,17.559999465942383,17.940000534057617,17.889999389648438,1362700.0,17.757448196411133
2019-08-07,17.739999771118164,17.200000762939453,17.309999465942383,17.65999984741211,1271400.0,17.529151916503906
2019-08-08,18.729999542236328,17.790000915527344,17.790000915527344,18.5,1355200.0,18.36292839050293
2019-08-09,18.510000228881836,17.979999542236328,18.459999084472656,18.1299991607666,993100.0,17.995668411254883
2019-08-12,18.469999313354492,17.899999618530273,18.049999237060547,18.440000534057617,840300.0,18.303373336791992
2019-08-13,19.579999923706055,18.219999313354492,18.40999984741211,18.790000915527344,1079600.0,18.650779724121094
2019-08-14,18.889999389648438,18.170000076293945,18.219999313354492,18.31999969482422,1264500.0,18.184261322021484
2019-08-15,18.94499969482422,18.239999771118164,18.299999237060547,18.8799991607666,888000.0,18.7401123046875
2019-08-16,19.40999984741211,18.8700008392334,18.969999313354492,19.18000030517578,1046200.0,19.03788948059082
2019-08-19,19.709999084472656,18.670000076293945,18.829999923706055,19.56999969482422,1118800.0,19.42500114440918
2019-08-20,19.520000457763672,18.6299991607666,19.209999084472656,19.350000381469727,752800.0,19.350000381469727
2019-08-21,19.889999389648438,19.44499969482422,19.549999237060547,19.65999984741211,661700.0,19.65999984741211
2019-08-22,19.899999618530273,18.135000228881836,19.56999969482422,18.190000534057617,876900.0,18.190000534057617
2019-08-23,18.020000457763672,17.100000381469727,17.899999618530273,17.510000228881836,726000.0,17.510000228881836
2019-08-26,18.030000686645508,17.389999389648438,17.649999618530273,17.90999984741211,530000.0,17.90999984741211
2019-08-27,18.350000381469727,17.299999237060547,18.010000228881836,17.389999389648438,679600.0,17.389999389648438
2019-08-28,17.760000228881836,17.270000457763672,17.360000610351562,17.40999984741211,723900.0,17.40999984741211
2019-08-29,18.084999084472656,17.639999389648438,17.639999389648438,17.969999313354492,546600.0,17.969999313354492
2019-08-30,18.719999313354492,18.190000534057617,18.190000534057617,18.43000030517578,563900.0,18.43000030517578
2019-09-03,18.489999771118164,17.8799991607666,18.010000228881836,18.389999389648438,725000.0,18.389999389648438
2019-09-04,18.860000610351562,18.530000686645508,18.75,18.600000381469727,1073200.0,18.600000381469727
2019-09-05,18.774999618530273,16.40999984741211,18.709999084472656,16.559999465942383,2248700.0,16.559999465942383
2019-09-06,17.219999313354492,16.440000534057617,16.59000015258789,16.90999984741211,1501000.0,16.90999984741211
2019-09-09,18.0,16.780000686645508,16.90999984741211,17.969999313354492,1328600.0,17.969999313354492
2019-09-10,19.020000457763672,18.100000381469727,18.1299991607666,18.649999618530273,1557000.0,18.649999618530273
2019-09-11,19.290000915527344,18.200000762939453,18.84000015258789,18.530000686645508,1279800.0,18.530000686645508
2019-09-12,19.15999984741211,18.25,18.34000015258789,18.3700008392334,1100400.0,18.3700008392334
2019-09-13,18.645000457763672,18.229999542236328,18.510000228881836,18.260000228881836,1570300.0,18.260000228881836
2019-09-16,19.200000762939453,18.628999710083008,19.0,18.780000686645508,836500.0,18.780000686645508
2019-09-17,19.059999465942383,17.809999465942383,18.399999618530273,18.520000457763672,820600.0,18.520000457763672
2019-09-18,18.329999923706055,16.905000686645508,18.15999984741211,17.420000076293945,929200.0,17.420000076293945
2019-09-19,17.729999542236328,16.950000762939453,17.540000915527344,17.030000686645508,880100.0,17.030000686645508
2019-09-20,16.90999984741211,15.319999694824219,16.729999542236328,15.5,2760700.0,15.5
2019-09-23,15.649999618530273,14.949999809265137,15.420000076293945,15.029999732971191,1242100.0,15.029999732971191
2019-09-24,15.600000381469727,14.199999809265137,14.899999618530273,14.5,1362000.0,14.5
2019-09-25,15.289999961853027,14.420000076293945,14.489999771118164,14.989999771118164,1037900.0,14.989999771118164
2019-09-26,15.050000190734863,14.680000305175781,14.899999618530273,14.979999542236328,570200.0,14.979999542236328
2019-09-27,15.319999694824219,14.880000114440918,14.920000076293945,14.949999809265137,562900.0,14.949999809265137
2019-09-30,15.039999961853027,14.460000038146973,14.880000114440918,14.720000267028809,1201200.0,14.720000267028809
2019-10-01,15.3100004196167,14.0600004196167,14.75,14.289999961853027,1015000.0,14.289999961853027
2019-10-02,14.75,13.890000343322754,14.130000114440918,14.510000228881836,1050000.0,14.510000228881836
2019-10-03,14.670000076293945,14.180000305175781,14.319999694824219,14.5,572800.0,14.5
2019-10-04,14.779999732971191,14.239999771118164,14.529999732971191,14.6899995803833,658000.0,14.6899995803833
2019-10-07,14.800000190734863,14.479999542236328,14.739999771118164,14.489999771118164,566000.0,14.489999771118164
2019-10-08,14.390000343322754,13.960000038146973,14.34000015258789,14.154999732971191,362517.0,14.154999732971191
